Entity,Category
PaperId,Initial df
Study_design,Study
Study_weight,Study
PaperTitle,Initial df
7-Ethyl-10-Hydroxycamptothecin,Treatment
A66,Treatment
AGI-5198,Treatment
ALK Inhibitor ASP3026,Treatment
ALK Inhibitor TAE684,Treatment
ARS-1620,Treatment
ARS-853,Treatment
AZ628,Treatment
AZD-4547,Treatment
AZD3463,Treatment
Abemaciclib,Treatment
Abiraterone,Treatment
Abiraterone Acetate,Treatment
Adagrasib,Treatment
Adavosertib,Treatment
Adjuvant Chemotherapy,Treatment
Afatinib,Treatment
Afimoxifene,Treatment
Agerafenib,Treatment
Akt Inhibitor MK2206,Treatment
Alectinib,Treatment
Alisertib,Treatment
Alpelisib,Treatment
Alvocidib,Treatment
Amivantamab,Treatment
Amrubicin,Treatment
Amuvatinib,Treatment
Angiogenesis Inhibitor,Treatment
Anti-CTLA-4 Monoclonal Antibody,Treatment
Anti-EGFR Monoclonal Antibody,Treatment
Anti-PD-L1 Monoclonal Antibody,Treatment
Anti-PD1 Monoclonal Antibody,Treatment
Anti-VEGF Monoclonal Antibody,Treatment
Apalutamide,Treatment
Apitolisib,Treatment
Aromatase Inhibitor,Treatment
Arsenic Trioxide,Treatment
Asciminib,Treatment
Asparaginase,Treatment
Aspirin,Treatment
Atezolizumab,Treatment
Avapritinib,Treatment
Avelumab,Treatment
Axitinib,Treatment
Azacitidine,Treatment
Azathioprine,Treatment
B-Raf/VEGFR-2 Inhibitor RAF265,Treatment
BET Inhibitor,Treatment
BPTES,Treatment
BRAF Inhibitor,Treatment
Bafetinib,Treatment
Barasertib,Treatment
Bazedoxifene,Treatment
Belinostat,Treatment
Belvarafenib,Treatment
Bevacizumab,Treatment
Bicalutamide,Treatment
Binimetinib,Treatment
Birabresib,Treatment
Bortezomib,Treatment
Bosutinib,Treatment
Brigatinib,Treatment
Buparlisib,Treatment
C-Met Inhibitor,Treatment
CAPOX Regimen,Treatment
CDK4/6 Inhibition,Treatment
CHMFL-KIT-031,Treatment
CHZ868,Treatment
CTLA-4 Inhibitor,Treatment
Cabazitaxel,Treatment
Cabozantinib,Treatment
Canertinib,Treatment
Capecitabine,Treatment
Capivasertib,Treatment
Capmatinib,Treatment
Carboplatin,Treatment
Carboplatin/Paclitaxel Regimen,Treatment
Carboplatin/Pemetrexed Regimen,Treatment
Carfilzomib,Treatment
Carmustine,Treatment
Cediranib,Treatment
Celecoxib,Treatment
Ceritinib,Treatment
Cetuximab,Treatment
Cetuximab/Encorafenib Regimen,Treatment
Chemotherapy,Treatment
Chlorambucil,Treatment
Chloroquine,Treatment
Cisplatin,Treatment
Cobimetinib,Treatment
Copanlisib,Treatment
Crenolanib,Treatment
Crizotinib,Treatment
Cyclophosphamide,Treatment
Cyproterone Acetate,Treatment
Cytarabine,Treatment
Cytoreductive Surgery,Treatment
Dabrafenib,Treatment
Dabrafenib/Trametinib Regimen,Treatment
Dacarbazine,Treatment
Dacomitinib,Treatment
Dactolisib,Treatment
Dasatinib,Treatment
Daunorubicin,Treatment
Decitabine,Treatment
Derazantinib,Treatment
Dexamethasone,Treatment
Dinaciclib,Treatment
Divarasib,Treatment
Docetaxel,Treatment
Dordaviprone,Treatment
Dovitinib,Treatment
Doxorubicin,Treatment
Duligotuzumab,Treatment
Durvalumab,Treatment
EGFR Tyrosine Kinase Inhibitor Therapy,Treatment
ERBB3 Inhibitor,Treatment
EZH2 Inhibitor,Treatment
Elacestrant,Treatment
Elimusertib,Treatment
Enasidenib,Treatment
Encorafenib,Treatment
Enfortumab Vedotin,Treatment
Ensartinib,Treatment
Entrectinib,Treatment
Enzalutamide,Treatment
Epidermal Growth Factor Receptor Tyrosine Kinase Inhibitor,Treatment
Epirubicin,Treatment
Eprenetapopt,Treatment
Erdafitinib,Treatment
Eribulin,Treatment
Erlotinib,Treatment
Erlotinib Hydrochloride,Treatment
Etoposide,Treatment
Everolimus,Treatment
Exemestane,Treatment
FACT Complex-targeting Curaxin CBL0137,Treatment
FGFR Inhibitor ASP5878,Treatment
FLT3 Tyrosine Kinase Inhibitor TTT-3002,Treatment
FOLFIRI Regimen,Treatment
FOLFOX Regimen,Treatment
FOLFOX-6 Regimen,Treatment
Fasudil,Treatment
Fedratinib,Treatment
Fexagratinib,Treatment
Fisogatinib,Treatment
Fludarabine,Treatment
Fluorouracil,Treatment
Flutamide,Treatment
Foretinib,Treatment
Fulvestrant,Treatment
Futibatinib,Treatment
Futuximab/Modotuximab Mixture,Treatment
GDC-0879,Treatment
GSK126,Treatment
Galeterone,Treatment
Ganetespib,Treatment
Ganitumab,Treatment
Gefitinib,Treatment
Gemcitabine,Treatment
Gemtuzumab Ozogamicin,Treatment
Gilteritinib,Treatment
HDAC Inhibitor OBP-801,Treatment
"HER2 Inhibitor CP-724,714",Treatment
Hematopoietic Cell Transplantation,Treatment
Hormone Therapy,Treatment
Hydroxychloroquine,Treatment
HyperCVAD Regimen,Treatment
Hyperthermic Intraperitoneal Chemotherapy,Treatment
Ibrutinib,Treatment
Ibuprofen,Treatment
Icotinib,Treatment
Idarubicin,Treatment
Idelalisib,Treatment
Imatinib,Treatment
Imatinib Mesylate,Treatment
Immune Checkpoint Inhibitor,Treatment
Immunomodulatory Oligonucleotide,Treatment
Immunotherapy,Treatment
Infigratinib,Treatment
Iniparib,Treatment
Iodine I-131,Treatment
Ipatasertib,Treatment
Ipilimumab,Treatment
Irinotecan,Treatment
Ivosidenib,Treatment
Ixazomib,Treatment
Izorlisib,Treatment
JAK2 Inhibitor AZD1480,Treatment
JNJ38877605,Treatment
JQ-1,Treatment
JQ1,Treatment
K 252a,Treatment
Lapatinib,Treatment
Larotrectinib,Treatment
Lazertinib,Treatment
Lenalidomide,Treatment
Lenvatinib,Treatment
Letrozole,Treatment
Leucovorin,Treatment
Leuprolide,Treatment
Linifanib,Treatment
Linsitinib,Treatment
Lomustine,Treatment
Lonafarnib,Treatment
Lorlatinib,Treatment
Lucitanib,Treatment
Luminespib,Treatment
MEK Inhibitor CI-1040,Treatment
MEK Inhibitor GDC-0623,Treatment
MEK Inhibitor REC-4881,Treatment
MET Tyrosine Kinase Inhibitor SGX523,Treatment
MRNA Vaccine,Treatment
MTOR Inhibitor,Treatment
Margetuximab,Treatment
Mcl-1 Inhibitor MIK665,Treatment
Meloxicam,Treatment
Melphalan,Treatment
Mercaptopurine,Treatment
Metformin,Treatment
Methotrexate,Treatment
Midostaurin,Treatment
Mirdametinib,Treatment
Mitogen-Activated Protein Kinase Kinase Inhibitor,Treatment
Mitomycin,Treatment
Mobocertinib,Treatment
Mocetinostat,Treatment
Molibresib,Treatment
Monomethyl Auristatin E,Treatment
NU7441,Treatment
Naquotinib,Treatment
Navtemadlin,Treatment
Nedaplatin,Treatment
Neratinib,Treatment
Niacinamide,Treatment
Nilotinib,Treatment
Nilutamide,Treatment
Nimotuzumab,Treatment
Nintedanib,Treatment
Niraparib,Treatment
Nirogacestat,Treatment
Nivolumab,Treatment
Nutlin-3,Treatment
Olaparib,Treatment
Omacetaxine Mepesuccinate,Treatment
Omipalisib,Treatment
Onalespib,Treatment
Onartuzumab,Treatment
Osimertinib,Treatment
Oxaliplatin,Treatment
PD1 Inhibitor,Treatment
PD173074,Treatment
PD98059,Treatment
PI-103,Treatment
PI3K/BET Inhibitor LY294002,Treatment
PI3Kbeta Inhibitor AZD8186,Treatment
PLX4720,Treatment
PSI,Treatment
Paclitaxel,Treatment
Paclitaxel Liposome,Treatment
Pacritinib,Treatment
Palbociclib,Treatment
Pan-Mutant-IDH1 Inhibitor Bay-1436032,Treatment
Pan-RAF Inhibitor LY3009120,Treatment
Panitumumab,Treatment
Panobinostat,Treatment
Pazopanib,Treatment
Pegargiminase,Treatment
Pembrolizumab,Treatment
Pemetrexed,Treatment
Pemigatinib,Treatment
Perifosine,Treatment
Pertuzumab,Treatment
Pexidartinib,Treatment
Pictilisib,Treatment
Pomalidomide,Treatment
Ponatinib,Treatment
Porcupine Inhibitor WNT974,Treatment
Poziotinib,Treatment
Pralsetinib,Treatment
Prednisolone,Treatment
Prednisone,Treatment
Pyrotinib,Treatment
Quizartinib,Treatment
RMC-4550,Treatment
Radiation Ionizing Radiotherapy,Treatment
Radiation Therapy,Treatment
Radioactive Iodine,Treatment
Raltitrexed,Treatment
Ramucirumab,Treatment
Rebemadlin,Treatment
Refametinib,Treatment
Regorafenib,Treatment
Repotrectinib,Treatment
Ribociclib,Treatment
Ridaforolimus,Treatment
Rigosertib,Treatment
Rilotumumab,Treatment
Rindopepimut,Treatment
Ripretinib,Treatment
Rociletinib,Treatment
Rogaratinib,Treatment
Rucaparib,Treatment
Ruxolitinib,Treatment
SB202190,Treatment
SCH772984,Treatment
SU11274,Treatment
Sacituzumab Govitecan,Treatment
Safusidenib,Treatment
Salirasib,Treatment
Samotolisib,Treatment
Sapanisertib,Treatment
Savolitinib,Treatment
Selinexor,Treatment
Selitrectinib,Treatment
Selpercatinib,Treatment
Selumetinib,Treatment
Sirolimus,Treatment
Sonidegib,Treatment
Sorafenib,Treatment
Sorafenib Tosylate,Treatment
Sotorasib,Treatment
Sotrastaurin Acetate,Treatment
Spliceostatin A,Treatment
Stattic,Treatment
Staurosporine,Treatment
Sunitinib,Treatment
TAK-788,Treatment
TRK Inhibitor,Treatment
Talazoparib,Treatment
Taletrectinib,Treatment
Tamoxifen,Treatment
Tanespimycin,Treatment
Taselisib,Treatment
Taxol,Treatment
Tazemetostat,Treatment
Tegafur,Treatment
Temozolomide,Treatment
Temsirolimus,Treatment
Tepotinib,Treatment
Therapeutic Glucocorticoid,Treatment
Therapeutic Tumor Infiltrating Lymphocytes,Treatment
Tipifarnib,Treatment
Tisagenlecleucel,Treatment
Tofacitinib,Treatment
Topotecan,Treatment
Tovorafenib,Treatment
Trabectedin,Treatment
Trametinib,Treatment
Trastuzumab,Treatment
Trastuzumab Deruxtecan,Treatment
Trastuzumab Emtansine,Treatment
Tremelimumab,Treatment
Tretinoin,Treatment
Trichostatin A,Treatment
Tucatinib,Treatment
Tunlametinib,Treatment
Tyrosine Kinase Inhibitor,Treatment
U0126,Treatment
UO126,Treatment
Uprosertib,Treatment
Valproic Acid,Treatment
Vandetanib,Treatment
Veliparib,Treatment
Vemurafenib,Treatment
Venetoclax,Treatment
Verteporfin,Treatment
Vincristine,Treatment
Vinorelbine,Treatment
Vismodegib,Treatment
Vistusertib,Treatment
Vociprotafib,Treatment
Volasertib,Treatment
Vorasidenib,Treatment
Vorinostat,Treatment
WZ4002,Treatment
Zoledronic Acid,Treatment
*1_CYP3A5,Variant
*3_CYP3A5,Variant
1013dupa_EOGT,Variant
1016del_BRCA1,Variant
1017dela_HLA,Variant
102103ins_PIK3CA,Variant
1022inst_TP53,Variant
10351036insct_TP53,Variant
1035ta_PIK3CA,Variant
104138del_CDKN2A,Variant
105ggt_IDH1,Variant
1100a_HSD3B1,Variant
1100c_HSD3B1,Variant
1100del_CHEK2,Variant
1100delc_CHEK2,Variant
1100delc_CHK2,Variant
1110delg_SMARCB1,Variant
11291130del_MSH6,Variant
11351139delagaga_MSH6,Variant
1140dupg_BRCA1,Variant
1148dela_MSH3,Variant
1148delc_SMARCB1,Variant
1153511531delaacag_ETV6,Variant
1171n_ALK,Variant
117_NRAS,Variant
1180delt_TP53,Variant
118delc_SMAD4,Variant
1196m_ALK,Variant
12091210inst_WT1,Variant
1215delt_ATM,Variant
12271228dupgg_MUTYH,Variant
1231g_POLE,Variant
1245c_HSD3B1,Variant
1258tc_PIK3CA,Variant
12612c_KRAS,Variant
12612s_KRAS,Variant
1285dupc_FLCN,Variant
12c_KRAS,Variant
12d_KRAS,Variant
12v_HRAS,Variant
12v_KRAS,Variant
13571389del_PIK3R1,Variant
14311433dup_FH,Variant
1467dela_MLH3,Variant
146_NRAS,Variant
1479delag_BRCA1,Variant
15041508del_BRCA1,Variant
15121517delggaggg_RET,Variant
152154del_PTCH1,Variant
1529delins_BRCA2,Variant
156157insalu_BRCA2,Variant
1577dela_PMS2,Variant
15891591delata_FANCG,Variant
1592delt_PALB2,Variant
1593_BRCA1,Variant
1609ta_ESR1,Variant
16101613del_MSH6,Variant
1610ac_ESR1,Variant
1610ag_ESR1,Variant
1613ag_ESR1,Variant
1624ga_PIK3CA,Variant
16271641del_BRCA2,Variant
1633ga_PIK3CA,Variant
1638n_APC,Variant
1647dela_PMS1,Variant
16991700delinsag_BTK,Variant
17021703insag_NSD1,Variant
17051740del_PIK3R1,Variant
172175delttgt_PALB2,Variant
17351737delgat_KIT,Variant
1742dela_APC,Variant
17811782delgg_BAP1,Variant
17981799delgtinsag_BRAF,Variant
17991801hetdeltga_BRAF,Variant
17_NOTCH2,Variant
1813dup_BRCA2,Variant
18351837del_MLH1,Variant
1835del3_MLH1,Variant
183del_GPRC5A,Variant
185delag_BRCA1,Variant
18631864inst_MLH1,Variant
187delag_BRCA1,Variant
18871889delgtg_RET,Variant
1889_ERBB2,Variant
1943dupg_BRCA1,Variant
1953dupg_BRCA1,Variant
19del_EGFR,Variant
19ins_EGFR,Variant
1thr163_MCL,Variant
201198delinscttt_CDKN2A,Variant
203dupa_SMARCB1,Variant
2079dela_MSH6,Variant
2080dela_BRCA1,Variant
2082delc_RB1,Variant
2091dupc_POLE,Variant
20ins_EGFR,Variant
21012102del_BRCA1,Variant
21102111del_BRCA1,Variant
212213deltg_TP53,Variant
213223del_SOCS1,Variant
21352240del_EGFR,Variant
21642168del_PALB2,Variant
21662167delgcinsat_NBN,Variant
216dupc_TP53,Variant
21l858r_EGFR,Variant
22322238dup_ERBB2,Variant
22352249del15_EGFR,Variant
22352249del_EGFR,Variant
223549del_EGFR,Variant
22362250del_EGFR,Variant
22372255delinst_EGFR,Variant
22392240delinscc_EGFR,Variant
22402257del18_EGFR,Variant
22462260del15_EGFR,Variant
22542277del_EGFR,Variant
22642274dup_ERBB2,Variant
22772293del_MSH6,Variant
228delg_MAX,Variant
23132324dup_ERBB2,Variant
23152316inscca_EGFR,Variant
23162321dup_EGFR,Variant
23172319dup3_EGFR,Variant
23242325ins12_ERBB2,Variant
23262327instat_ERBB2,Variant
23692370delinsgg_EGFR,Variant
2369del_EGFR,Variant
2385del_MSH6,Variant
242del_TP53,Variant
24fs_ESR1,Variant
25352576del_BRCA1,Variant
25462587del_BRCA1,Variant
2546delc_FANCA,Variant
2552dela_PALB2,Variant
25602561dupgc_BRCA1,Variant
25732579del_EGFR,Variant
25822583insg_EGFR,Variant
2647dela_MSH2,Variant
26792682del_BRCA1,Variant
2693del_SMARCA4,Variant
270271dup_RAD51D,Variant
273h_TP53,Variant
2793delt_POLE,Variant
28362837del_BRCA1,Variant
291292delct_SDHB,Variant
29702972delaat_NF1,Variant
29892990dupaa_BRCA1,Variant
29902993delcaaa_BRIP1,Variant
30013021delgtagactaccgagctactttt_MET,Variant
3008delg_POLD1,Variant
30163017insc_NOD2,Variant
30243028delagaaggtatatt_MET,Variant
30473070del_MET,Variant
3140ag_PIK3CA,Variant
3140at_PIK3CA,Variant
31703174delagaaa_BRCA2,Variant
32003201delinsaa_TSC2,Variant
3206delc_ATM,Variant
33053306inst_MSH6,Variant
3374insga_BRCA1,Variant
3496delg_BRCA1,Variant
3510dela_POLE,Variant
3514dupa_MSH6,Variant
3543del_SMARCA4,Variant
35453546deltt_BRCA2,Variant
36043605delgginsaa_ALK,Variant
36613674del_NF1,Variant
367875del_GPRC5A,Variant
367asn_HSD3B1,Variant
367thr_HSD3B1,Variant
36dupt_BRCA2,Variant
37003704delgtaaa_BRCA1,Variant
3708dela_BRCA2,Variant
37203724delaaaca_FANCA,Variant
3738instg_KRAS,Variant
3747dela_DICER1,Variant
3754delt_APC,Variant
37563759delgtct_BRCA1,Variant
3761delg_TP53,Variant
37883790deltct_FANCA,Variant
3875del4_BRCA1,Variant
3875delgtct_BRCA1,Variant
388arg_FGFR4,Variant
3g34r_H3,Variant
3g34v_H3,Variant
3k27m_H3,Variant
4034dela_BRCA1,Variant
4035dela_BRCA1,Variant
4153dela_BRCA1,Variant
4154dela_BRCA1,Variant
4391delc_BRCA1,Variant
4458dup_DICER1,Variant
44delc_POLD1,Variant
4546inscct_FBXW7,Variant
46124613inst_APC,Variant
465466insc_TCF7,Variant
469471delttc_FLCN,Variant
469delt_MLH1,Variant
470delt_FLCN,Variant
472delc_PALB2,Variant
47438del_BRAF,Variant
4808dela_BRCA2,Variant
4808dupa_BRCA2,Variant
486491del_BRAF,Variant
489494detgggta_MSH2,Variant
494delc_SOCS1,Variant
4998dup_NF1,Variant
4998insa_BRCA1,Variant
5015delg_ATM,Variant
502503insya_KIT,Variant
505506del_RET,Variant
50855086inst_BRCA1,Variant
509510delga_PALB2,Variant
51645165del_BRCA2,Variant
51775180delgaaa_BRCA1,Variant
51975198deltc_BRCA2,Variant
524547dup_TP53,Variant
52635264insc_BRCA1,Variant
5266dup_BRCA1,Variant
5266dupc_BRCA1,Variant
527del_BRCA1,Variant
529546del_TP53,Variant
5329dup_BRCA1,Variant
5382insc_BRCA1,Variant
545k_PIK3CA,Variant
54705477del8_BRCA1,Variant
55335534inst_BRCA1,Variant
557558del_KIT,Variant
56075602delctcttainst_TP53,Variant
565568del_GNAS,Variant
57225723del_BRCA2,Variant
573inst_TP53,Variant
580_APC,Variant
58117585del22_BAP1,Variant
5946delt_BRCA2,Variant
59_NRAS,Variant
600601insgtg_PRKACA,Variant
600e_BRAF,Variant
6174delt_BRCA2,Variant
617623delacaaatc_BRCA1,Variant
617c_NRF2,Variant
617delt_BRCA2,Variant
61g_BRCA1,Variant
638640insattatcctgagg_PRKACA,Variant
644662del_ERBB2,Variant
6488delg_ARID1A,Variant
658659del_BRCA2,Variant
658659delgt_BRCA2,Variant
6781delg_BRCA2,Variant
6869delag_BRCA1,Variant
697ct_PTEN,Variant
709dupg_RB1,Variant
723dupt_PTEN,Variant
728739del_TP53,Variant
72r_TP53,Variant
7389_NOTCH1,Variant
745750del_EGFR,Variant
746750del_EGFR,Variant
751delg_SMARCB1,Variant
7544_NOTCH1,Variant
772del_TP53,Variant
773774dup_EGFR,Variant
778insgsp_ERBB2,Variant
788del_TP53,Variant
795809del_TP53,Variant
798799deltt_BRCA1,Variant
799800del_BAP1,Variant
80598063delgttct_BRCA2,Variant
823840del_PTEN,Variant
84748487delcataccctatacag_BRCA2,Variant
860863duptctg_NPM1,Variant
869870del_BRCA2,Variant
869delt_PMS2,Variant
872877del_AIP,Variant
8734del_ATM,Variant
88318832del_ATM,Variant
891_BRCA1,Variant
8945delaa_BRCA2,Variant
897delc_ABCC3,Variant
898899delag_BAP1,Variant
898901del_RET,Variant
89insa_BRCA2,Variant
9097dela_BRCA2,Variant
937932delagtaag_CASP8,Variant
93del_RAD51C,Variant
9403delc_BRCA2,Variant
94559457delagg_BRCA2,Variant
9460delc_BRCA2,Variant
9663delgt_BRCA2,Variant
997del_TP53,Variant
999del5_BRCA2,Variant
a1035v_PI3KCA,Variant
a105t_HNRNPF,Variant
a1066v_PIK3CA,Variant
a113g_BCL,Variant
a1166c_AGTR1,Variant
a1170p_ERBB2,Variant
a1200v_ALK,Variant
a1216d_ERBB2,Variant
a1298c_MTHFR,Variant
a133v_FOXL2,Variant
a146_KRAS,Variant
a146_RAS,Variant
a146l_KRAS,Variant
a146p_KRAS,Variant
a146r_KRAS,Variant
a146t_KRAS,Variant
a146v_KRAS,Variant
a1474t_APC,Variant
a148t_CDKN2A,Variant
a1513d_MTOR,Variant
a1530v_NF1,Variant
a159d_TP53,Variant
a159s_TP53,Variant
a159v_TP53,Variant
a15t_SDHB,Variant
a1606t_TET2,Variant
a161t_TP53,Variant
a166g_DPYD,Variant
a16v_PRSS1,Variant
a17p_BRCA1,Variant
a182c_NRAS,Variant
a187t_SPOP,Variant
a18d_KRAS,Variant
a18e_KRAS,Variant
a18t_KRAS,Variant
a18v_KRAS,Variant
a2036t_NOTCH1,Variant
a203p_PPARGC1B,Variant
a203t_NTRK2,Variant
a21v_MLH1,Variant
a222v_MTHFR,Variant
a232v_ERBB3,Variant
a237f_EGFR,Variant
a248c_FGFR2,Variant
a252v_POLE,Variant
a2738s_BRCA2,Variant
a273v_AXL,Variant
a2756g_MTR,Variant
a276i_TP53,Variant
a276p_TP53,Variant
a27s_PTGR1,Variant
a2825vfs*15_BRCA2,Variant
a289d_EGFR,Variant
a289t_EGFR,Variant
a289v_EGFR,Variant
a301t_HNF1A,Variant
a312v_ESR1,Variant
a324t_ERBB2,Variant
a347t_TGF,Variant
a354v_FGFR1,Variant
a356d_ERBB2,Variant
a386d_ERBB2,Variant
a391e_FGFR2,Variant
a39fs*5_TP53,Variant
a406s_BRIP1,Variant
a41v_FH,Variant
a428d_BTK,Variant
a441t_MLH1,Variant
a456p_POLE,Variant
a465v_POLE,Variant
a472d_KLF4,Variant
a491s_ESR1,Variant
a502y503dup_KIT,Variant
a508v_EGFR,Variant
a52v_MEK1,Variant
a547t_EGFR,Variant
a5794g_MTOR,Variant
a58t_ESR1,Variant
a597t_AR,Variant
a598t599insv_BRAF,Variant
a598v_BRAF,Variant
a59e_KRAS,Variant
a59g_KRAS,Variant
a59t_KRAS,Variant
a59v_KRAS,Variant
a617g_MIA2,Variant
a626c_GNAQ,Variant
a627t_FLT3,Variant
a634t_JAK1,Variant
a641t_RET,Variant
a646d_AR,Variant
a647t_EGFR,Variant
a664t_ERBB2,Variant
a677_EZH2,Variant
a682g_EZH2,Variant
a687_EZH2,Variant
a692v_EZH2,Variant
a694t_BRAF,Variant
a708p_PLCG2,Variant
a70a71dup_HOXD12,Variant
a72d_PTPN11,Variant
a72t_PTPN11,Variant
a733t_MSH2,Variant
a750k754del_EGFR,Variant
a750p_EGFR,Variant
a750t_RET,Variant
a751c_ERCC2,Variant
a763insfqea_EGFR,Variant
a763y764insfqea_EGFR,Variant
a767delinsasvd_EGFR,Variant
a767dupasv_EGFR,Variant
a767v769dup_EGFR,Variant
a767v769dupasv_EGFR,Variant
a76rfs44_CDKN2A,Variant
a771insayvm_ERBB2,Variant
a775776insyvma_ERBB2,Variant
a775g776insyvma_ERBB2,Variant
a775insyvma_ERBB2,Variant
a807v_RET,Variant
a814s_FLT3,Variant
a829p_KIT,Variant
a864v_EGFR,Variant
a871g_EGFR,Variant
a87d_UBH,Variant
a883f_RET,Variant
a91v_PRF1,Variant
a929s_NLRC4,Variant
a92t_TPSD1,Variant
a95d_BAP1,Variant
abl1_BCR,Variant
abl_BCR,Variant
ablt315i_BCR,Variant
akte17k_AKT1,Variant
aktwt_AKT1,Variant
ala1170pro_ERBB2,Variant
ala418thrfs14_TCF7L2,Variant
aldh2*2_ALDH2,Variant
alk_EML4,Variant
amp_MET,Variant
ans263llefs_TP53,Variant
arg1093*_SMARCA4,Variant
arg1114*_APC,Variant
arg1172lysfster5_MSH6,Variant
arg132*_IDH1,Variant
arg1362*_NF1,Variant
arg158fs_TP53,Variant
arg1726lysfsx3_BRCA1,Variant
arg1835*_BRCA1,Variant
arg1931*_FANCM,Variant
arg2318ter_BRCA2,Variant
arg232ter_RAD51D,Variant
arg255ter_RB1,Variant
arg262*_NF2,Variant
arg293*_MSR1,Variant
arg306ter_TP53,Variant
arg342profs*5_TP53,Variant
arg388_FGFR4,Variant
arg389*_MSH2,Variant
arg458x_PPM1D,Variant
arg461ter_NF1,Variant
arg641ter_BARD1,Variant
arg641x_BARD1,Variant
arg658*_FANCM,Variant
arg680*_PZP,Variant
arg742*_TP53,Variant
argtyr123cyshis_OBP2A,Variant
asn1016ala1023del_MET,Variant
asn1603thrfs14_BRCA2,Variant
asn405lysfsx15_ATM,Variant
asp228*_TP53,Variant
asp526alafs69_PMS2,Variant
asp526fs_PMS2,Variant
asp719_EGFR,Variant
asp987thrfs_POLD1,Variant
baiap2l1_FGFR3,Variant
bicc1_FGFR2,Variant
braf_KIAA1549,Variant
c105fs*8_PTEN,Variant
c111t_CDA,Variant
c1134g_POL,Variant
c1156f_ALK,Variant
c1156y_ALK,Variant
c118a_KRAS,Variant
c118s_KRAS,Variant
c118t_ERCC1,Variant
c121s_MAP2K1,Variant
c121s_MEK1,Variant
c1236t_ABCB1,Variant
c124s_PTEN,Variant
c12f_KRAS,Variant
c12v_KRAS,Variant
c12w_KRAS,Variant
c134w_FOXL2,Variant
c135f_TP53,Variant
c135lfs*14_TP53,Variant
c135s_TP53,Variant
c135w_TP53,Variant
c135y_RAD51C,Variant
c135y_TP53,Variant
c140s_CDKN3,Variant
c14181420del_AR,Variant
c141y_TP53,Variant
c1420t_SHMT,Variant
c1698a_USP24,Variant
c172g_FGFR4,Variant
c1750t_PTPTD,Variant
c176s_TP53,Variant
c181a_NRAS,Variant
c19w_NOTCH2,Variant
c216t_TERT,Variant
c217r_ERBB4,Variant
c21y_FLCN,Variant
c228_TERT,Variant
c228t_TERT,Variant
c231239dup_AR,Variant
c235y_PDGFRA,Variant
c2385_TP53,Variant
c238y_TP53,Variant
c242f_TP53,Variant
c242s_TP53,Variant
c250_TERT,Variant
c250t_TERT,Variant
c275y_TP53,Variant
c277*_TP53,Variant
c277f_TP53,Variant
c290g_EIF2A,Variant
c315s_BRCA2,Variant
c31984dup_NF1,Variant
c340t_ATR,Variant
c3435t_ABCB1,Variant
c3435t_MDR1,Variant
c382r_FGFR2,Variant
c383r_FGFR2,Variant
c394s_DNAJA1,Variant
c402g_FOXL2,Variant
c420r_PIK3CA,Variant
c428s_NOTCH3,Variant
c443s_KIT,Variant
c455s_NOTCH3,Variant
c459s_PTPN11,Variant
c481_BTK,Variant
c481f_BTK,Variant
c481r_BTK,Variant
c481s_BTK,Variant
c481x_BTK,Variant
c481y_BTK,Variant
c482r_KDR,Variant
c488s_FGFR1,Variant
c492f_FGFR2,Variant
c4y_CBR3,Variant
c526f_MET,Variant
c528s_XPO1,Variant
c60*_LZTR1,Variant
c6026t_MTOR,Variant
c618s_RET,Variant
c61g_BRCA1,Variant
c620r_RET,Variant
c623y_ERBB2,Variant
c630del_RET,Variant
c634f_RET,Variant
c634g_RET,Variant
c634r_ERBB2,Variant
c634r_RET,Variant
c634s_RET,Variant
c634w_RET,Variant
c634x_RET,Variant
c634y_RET,Variant
c64delggc_PTCH1,Variant
c64g_BRCA1,Variant
c6520t_MTOR,Variant
c6637t_MTOR,Variant
c667t_MTHFR,Variant
c797_EGFR,Variant
c797g_EGFR,Variant
c797s_EGFR,Variant
c797x_EGFR,Variant
c8092a_ERCC1,Variant
c83f_TP53,Variant
casp7_FGFR2,Variant
ccdc170_ESR1,Variant
ccdc6ret_RET,Variant
chek2*1100delc_CHEK2,Variant
chek2*c1100delc_CHEK2,Variant
ckras_KRAS,Variant
clip1_FGFR2,Variant
cyp2c8*3_CYP2C8,Variant
cyp3a5*3_CYP3A5,Variant
cyp3a5*3c_CYP3A5,Variant
cys200gly201insval_PRKACA,Variant
cys269_IDH1,Variant
cys711*_BRCA2,Variant
cys835gly837dup_PDGFRB,Variant
d1002g_MET,Variant
d1010h_MET,Variant
d1010n_MET,Variant
d1010y_MET,Variant
d1014v_EGFR,Variant
d103e_BCL,Variant
d103v_BCL,Variant
d103y_BCL,Variant
d103y_BCL2,Variant
d1067v_PIK3CB,Variant
d1067y_PIK3CB,Variant
d1080n_EGFR,Variant
d1091n_ALK,Variant
d1140n_PLCG2,Variant
d1203n_ALK,Variant
d1225n_ALK,Variant
d1228a_MET,Variant
d1228h_MET,Variant
d1228n_MET,Variant
d1228x_MET,Variant
d1228y_MET,Variant
d1246h_MET,Variant
d1269a_ALK,Variant
d137n_SAMHD1,Variant
d140a_CDK4,Variant
d140h_CDK4,Variant
d140y_CDK4,Variant
d149e_TP53,Variant
d150n_MAP2K4,Variant
d153v_KRAS,Variant
d1542y_MTOR,Variant
d154q_KRAS,Variant
d155a_TKT,Variant
d162fs_STK11,Variant
d163g_CDK6,Variant
d163n_CDK6,Variant
d1644a_NF1,Variant
d16_ERBB2,Variant
d1709_DICER1,Variant
d172n_PPEF,Variant
d180a_PADI2,Variant
d1810_DICER1,Variant
d1813h_BRCA1,Variant
d1834h_BRCA1,Variant
d1848n_PTPRB,Variant
d1853n_ATM,Variant
d186v_KIT,Variant
d1890fs6*_SETD2,Variant
d189mfs*14_GNAS,Variant
d189y_LYN,Variant
d194y_STK11,Variant
d1973n_NAV2,Variant
d2033n_ROS1,Variant
d224y_CDK6,Variant
d230h_ESR1,Variant
d252fs_BRCA2,Variant
d262h_POLE,Variant
d275a_POLE,Variant
d277y_ERBB2,Variant
d27v_NFE2L2,Variant
d281g_TP53,Variant
d281y_TP53,Variant
d287e_POLE,Variant
d287h_BRAF,Variant
d297y_ERBB3,Variant
d299g_TLR4,Variant
d29g_NFE2L2,Variant
d304n_FGFR2,Variant
d311a_SAMHD1,Variant
d313h_ERBB3,Variant
d318a_REL,Variant
d321n_MAPK1,Variant
d326h_ERBB2,Variant
d32a_CTNNB1,Variant
d32h_CTNNB1,Variant
d32v_CTNNB1,Variant
d32y_CTNNB1,Variant
d335gfs_GATA3,Variant
d348n_KMT2C,Variant
d348n_POFUT1,Variant
d350g_PI3K,Variant
d350g_PIK3CA,Variant
d351g_ESR1,Variant
d368y_EGFR,Variant
d373n_ABRAXAS,Variant
d387a_CASP8,Variant
d434n_PIK3CA,Variant
d447a_ARAF,Variant
d459g_BRAF,Variant
d473h_SMO,Variant
d473y_SMO,Variant
d483tfs*15_NF1,Variant
d484g_ESR1,Variant
d5358g_ESR1,Variant
d538_ESR1,Variant
d538g_ESR1,Variant
d538gf404l_ESR1,Variant
d538q_ESR1,Variant
d53fs_STK11,Variant
d545d_ESR1,Variant
d559y_BRCA2,Variant
d579del_KIT,Variant
d582n_ERBB2,Variant
d584g_BRAF,Variant
d584n_BRAF,Variant
d592v_RAD54,Variant
d594_BRAF,Variant
d594a_BRAF,Variant
d594e_BRAF,Variant
d594f_BRAF,Variant
d594g_BRAF,Variant
d594h_BRAF,Variant
d594n_BRAF,Variant
d594v_BRAF,Variant
d594y_BRAF,Variant
d601e_POLE,Variant
d61y_PTPN11,Variant
d630y_PLCB4,Variant
d638g_ESR1,Variant
d641n_FGFR3,Variant
d642h_STAT5B,Variant
d661h_STAT3,Variant
d674h_IRS1,Variant
d67n_MAP2K1,Variant
d693n_BRCA1,Variant
d742n_ERBB2,Variant
d746750_EGFR,Variant
d761n_EGFR,Variant
d761y_EGFR,Variant
d770delinsgy_EGFR,Variant
d770inssvd_EGFR,Variant
d770n771insg_EGFR,Variant
d770n771inssvd_EGFR,Variant
d770n771insy_EGFR,Variant
d77g_NFE2L2,Variant
d815v_KIT,Variant
d816_KIT,Variant
d816e_KIT,Variant
d816g_KIT,Variant
d816h_KIT,Variant
d816v_KIT,Variant
d816y_KIT,Variant
d816y_TP53,Variant
d818y_KIT,Variant
d820_KIT,Variant
d820a_KIT,Variant
d820e_KIT,Variant
d820g_KIT,Variant
d820y_KIT,Variant
d835_FLT3,Variant
d835e_FLT3,Variant
d835g_FLT3,Variant
d835h_FLT3,Variant
d835v_FLT3,Variant
d835x_FLT3,Variant
d835y_FLT3,Variant
d842e_PDGFRA,Variant
d842v_KIT,Variant
d842v_PDGFR,Variant
d842v_PDGFRA,Variant
d842y_PDGFRA,Variant
d850v_PDGFRB,Variant
d855a_EGFR,Variant
d891h_AR,Variant
d892y_RET,Variant
d899gfs*10_JAK1,Variant
d925h_RET,Variant
d933n_RET,Variant
d986a_PTPRH,Variant
del17p_TP53,Variant
del18_EGFR,Variant
del19_EGFR,Variant
del22352249_EGFR,Variant
del22362250_EGFR,Variant
del5395_CHEK2,Variant
del746750_EGFR,Variant
del_BIM,Variant
del_CDKN2A,Variant
del_EGFR,Variant
del_PTEN,Variant
dele709t710insd_EGFR,Variant
dele746750_EGFR,Variant
dele746a750_EGFR,Variant
dele746t751_EGFR,Variant
dele746t751insv_EGFR,Variant
dele747a750_EGFR,Variant
dele748752_EGFR,Variant
dele748a752_EGFR,Variant
delex19_EGFR,Variant
delfs_MET,Variant
dell747e749_EGFR,Variant
dell747p753_EGFR,Variant
dell747p753inss_EGFR,Variant
dell747t751_EGFR,Variant
delp704_RIZ1,Variant
delt751i759inss_EGFR,Variant
delw557k558_KIT,Variant
dpyd*13_DPYD,Variant
dpyd*2a_DPYD,Variant
dpyd*6_DPYD,Variant
e102i103del_MAP2K1,Variant
e102i103del_MEK1,Variant
e1038g_BRCA1,Variant
e1060x_BRCA1,Variant
e1066*_BRCA1,Variant
e1099k_NSD2,Variant
e110del_PIK3CA,Variant
e110k_PIK3CA,Variant
e1121*_NF1,Variant
e114k_EGFR,Variant
e115*_SMARCB1,Variant
e1161k_ALK,Variant
e1210k_ALK,Variant
e1210q_ALK,Variant
e1261a_ERBB3,Variant
e1317q_APC,Variant
e1364del_SMARCA4,Variant
e1365d_OBSL1,Variant
e13k_AKT1,Variant
e143k_KRAS,Variant
e143x_BRCA1,Variant
e1558*_TSC2,Variant
e159k_FGFR1,Variant
e159k_LYN,Variant
e160d_PIK3R1,Variant
e163*_CDK1,Variant
e168d_MET,Variant
e1705_DICER1,Variant
e1705k_DICER1,Variant
e1705v_DICER1,Variant
e176d_NTRK3,Variant
e177r_TP53,Variant
e1788_DICER1,Variant
e17k_AKT,Variant
e17k_AKT1,Variant
e1813_DICER1,Variant
e1813a_DICER1,Variant
e1813d*_MTOR,Variant
e1813g_DICER1,Variant
e1815x_BRCA1,Variant
e182*_TP53,Variant
e192*_TP53,Variant
e203k_MAP2K1,Variant
e203k_MEK1,Variant
e2229k_BRCA2,Variant
e227k_CCDC6,Variant
e229k_PDGFRA,Variant
e235a_STAT1,Variant
e2621g_ATM,Variant
e275a_POLE,Variant
e275k_BRAF,Variant
e2846fs_BRCA2,Variant
e285k_TP53,Variant
e286k_TP53,Variant
e2877*_BRCA2,Variant
e287x_TP53,Variant
e298d_NOS3,Variant
e3152del_BRCA2,Variant
e318k_MITF,Variant
e31k_KRAS,Variant
e322k_ERK2,Variant
e322k_MAPK1,Variant
e330k_EGFR,Variant
e334k_FGFR1,Variant
e339x_TP53,Variant
e365k_PIK3CA,Variant
e376_MAP2K4,Variant
e380q_ESR1,Variant
e380qf404l_ESR1,Variant
e380w_ESR1,Variant
e384x_ERRFI1,Variant
e39k_PIK3CA,Variant
e400k_SH2B3,Variant
e404d_EZH2,Variant
e40k_AKT1,Variant
e418k_PIK3CA,Variant
e418k_TOP1,Variant
e43k_ERBB4,Variant
e452k_ERBB4,Variant
e452k_PIK3CA,Variant
e453_PIK3CA,Variant
e453k_PIK3CA,Variant
e453q_PIK3CA,Variant
e454k_PIK3CA,Variant
e454rfs*15_BAP1,Variant
e462q_ETV1,Variant
e47k_SPOP,Variant
e499d_FGFR2,Variant
e49k_AKT1,Variant
e50_SPOP,Variant
e50k_SPOP,Variant
e517k_XPO1,Variant
e527k_SRC,Variant
e542_PIK3CA,Variant
e542k_PI3K,Variant
e542k_PI3KCA,Variant
e542k_PIK3CA,Variant
e542q_PIK3CA,Variant
e542v_PIK3CA,Variant
e545_PIK3CA,Variant
e545a_PIK3CA,Variant
e545d_PIK3CA,Variant
e545g_PIK3CA,Variant
e545k_PI3K,Variant
e545k_PI3KCA,Variant
e545k_PIK3CA,Variant
e545q_PIK3CA,Variant
e545x_PIK3CA,Variant
e565a_FGFR2,Variant
e566a_FGFR2,Variant
e567r_BTK,Variant
e571g_XPO1,Variant
e571k_XPO1,Variant
e580k_ERBB2,Variant
e583k_KIT,Variant
e62*_TP53,Variant
e622d_SF3B1,Variant
e632l633del_RET,Variant
e63d_KRAS,Variant
e63k_KRAS,Variant
e63q_KRAS,Variant
e67k_POT1,Variant
e688q_EGFR,Variant
e698del_ERBB2,Variant
e69k_PTPN11,Variant
e6v_HBB,Variant
e709_EGFR,Variant
e709a_EGFR,Variant
e709f_EGFR,Variant
e709k_EGFR,Variant
e709t710delinsd_EGFR,Variant
e709x_EGFR,Variant
e716a750del_EGFR,Variant
e726_PIK3CA,Variant
e726k_PIK3CA,Variant
e732k_RET,Variant
e745k_EZH2,Variant
e746750del_EGFR,Variant
e746a750_EGFR,Variant
e746a750del_EGFR,Variant
e746a750delinsip_EGFR,Variant
e746s752delinsa_EGFR,Variant
e746s752delinsv_EGFR,Variant
e746v_EGFR,Variant
e762k_PIK3CA,Variant
e768d_RET,Variant
e76a_PTPN11,Variant
e76k_PTPN11,Variant
e773d_MTOR,Variant
e79k_NFE2L2,Variant
e79q_NFE2L2,Variant
e79q_NRF2,Variant
e803q_ALK,Variant
e805q_RET,Variant
e81k_PI3KCA,Variant
e81k_PIK3CA,Variant
e82d_NFE2L2,Variant
e837a_AR,Variant
e866e_EGFR,Variant
e872k_ERBB4,Variant
e872q_EGFR,Variant
e873f879del_AR,Variant
e88q_PIK3CA,Variant
e8g_NDUFB3,Variant
e902k_SF3B1,Variant
e928g_ERBB3,Variant
e945*_TSC1,Variant
e948q_TOP2A,Variant
e960d_TRPM2,Variant
e970k_PIK3CA,Variant
elrea_EGFR,Variant
eml4alk_ALK,Variant
ex14_MET,Variant
ex14del_MET,Variant
ex19indel_EGFR,Variant
exon19del_BRCA1,Variant
exon19del_EGFR,Variant
exon20ins_EGFR,Variant
f1003i_ERBB4,Variant
f102c_SPOP,Variant
f102v_SPOP,Variant
f1040fs_MSH6,Variant
f104l_BCL,Variant
f1088fs_MSH6,Variant
f1174c_ALK,Variant
f1174i_ALK,Variant
f1174l_ALK,Variant
f1174v_ALK,Variant
f1174x_ALK,Variant
f1178l_ALK,Variant
f1178s_ALK,Variant
f1245_ALK,Variant
f1245c_ALK,Variant
f1245i_ALK,Variant
f1245l_ALK,Variant
f1245v_ALK,Variant
f133l_SPOP,Variant
f133v_SPOP,Variant
f134s_TP53,Variant
f157fs_FLCN,Variant
f158v_FCGR3A,Variant
f1849v_POLE,Variant
f187g_TWIST1,Variant
f18e_TLX3,Variant
f191g_TWIST1,Variant
f2004c_ROS1,Variant
f2004i_ROS1,Variant
f2004v_ROS1,Variant
f2108l_MTOR,Variant
f210_TP53,Variant
f2184l_MTOR,Variant
f270c_TP53,Variant
f276c_FGFR2,Variant
f2801fs_BRCA2,Variant
f341v_PTEN,Variant
f354l_STK11,Variant
f367s_POLE,Variant
f39v_HAVCR2,Variant
f404i_ESR1,Variant
f404l_ESR1,Variant
f404v_ESR1,Variant
f435l_ESR1,Variant
f437fs*5_PTEN,Variant
f461i_ESR1,Variant
f53l_MAP2K1,Variant
f53q58delinsl_MAP2K1,Variant
f568fs_NSD1,Variant
f57l_MAP2K2,Variant
f589_NTRK1,Variant
f589l_TRKA,Variant
f595c_ERBB2,Variant
f595s_ERBB2,Variant
f617i_TRKC,Variant
f673e_AR,Variant
f689fs_KIT,Variant
f691_FLT3,Variant
f691i_FLT3,Variant
f691l_FLT3,Variant
f695c_ERBB2,Variant
f695s_ERBB2,Variant
f75y_GNA11,Variant
f763l_ATM,Variant
f786l_AR,Variant
f858l_ATM,Variant
f876l_AR,Variant
f876lt877a_AR,Variant
f877l_AR,Variant
f88fs_PTCH1,Variant
f90fs*9_PTEN,Variant
f930s_PIK3CA,Variant
f94l_ERBB3,Variant
f977y_PIK3CA,Variant
f998v_RET,Variant
fl_TP53,Variant
g1007r_PIK3CA,Variant
g101v_BCL,Variant
g101v_BCL2,Variant
g102a_COX2,Variant
g1031d_FAM123B,Variant
g1049r_PIK3CA,Variant
g105g_IDH1,Variant
g106108del_PIK3CA,Variant
g106c_PIK3CA,Variant
g106r_PIK3CA,Variant
g106v_PIK3CA,Variant
g1097d_JAK1,Variant
g1105fs*3_MSH6,Variant
g1108c_MET,Variant
g1121d_ALK,Variant
g1123s_ALK,Variant
g1128a_ALK,Variant
g1128s_ALK,Variant
g112fs_TP53,Variant
g1184e_ALK,Variant
g1202k_ALK,Variant
g1202r_ALK,Variant
g1202r_EML4ALK,Variant
g1220c_ERBB2,Variant
g1269a_ALK,Variant
g129e_PTEN,Variant
g129r_PTEN,Variant
g12_KRAS,Variant
g12_NRAS,Variant
g12a_KRAS,Variant
g12a_RAS,Variant
g12c_HRAS,Variant
g12c_KRAS,Variant
g12c_NRAS,Variant
g12c_RAS,Variant
g12ci_KRAS,Variant
g12d_HRAS,Variant
g12d_KRAS,Variant
g12d_KRAS4B,Variant
g12d_NRAS,Variant
g12d_RAS,Variant
g12di_KRAS,Variant
g12dloh_KRAS,Variant
g12e_KRAS,Variant
g12e_NRAS,Variant
g12f_KRAS,Variant
g12g10ins_KRAS,Variant
g12k_KRAS,Variant
g12l_KRAS,Variant
g12r_KRAS,Variant
g12s_HRAS,Variant
g12s_KRAS,Variant
g12s_NRAS,Variant
g12s_SDHD,Variant
g12v_HRAS,Variant
g12v_KRAS,Variant
g12v_NRAS,Variant
g12v_RAS,Variant
g12x_KRAS,Variant
g13*_KRAS,Variant
g131d_IDH1,Variant
g13_KRAS,Variant
g13_NRAS,Variant
g13_RAS,Variant
g13a_KRAS,Variant
g13c_KRAS,Variant
g13d_KRAS,Variant
g13d_NRAS,Variant
g13q_KRAS,Variant
g13r_HRAS,Variant
g13r_KRAS,Variant
g13r_NRAS,Variant
g13r_RAS,Variant
g13s_KRAS,Variant
g13v_HRAS,Variant
g13v_KRAS,Variant
g13x_KRAS,Variant
g1412*_APC,Variant
g145s_ESR1,Variant
g1465e_CREBBP,Variant
g1529r_BRCA2,Variant
g15s_CDK4,Variant
g1663c_ATM,Variant
g1676d_MED12,Variant
g1712x_BRCA2,Variant
g172t_RAD51,Variant
g1763v_BRCA1,Variant
g1774e_RELN,Variant
g17v_RHOA,Variant
g184r_SDHA,Variant
g186d_ERK1,Variant
g1879a_FLT3,Variant
g1888t_PLCB4,Variant
g18e_NTRK1,Variant
g1914r_MTOR,Variant
g1981c_STAT3,Variant
g199a_MAP2K1,Variant
g199a_POT1,Variant
g199v_TP53,Variant
g2032_ROS1,Variant
g2032r_ALK,Variant
g2032r_ROS1,Variant
g203v_BRAF,Variant
g2044v_BRCA2,Variant
g2089t_WRN,Variant
g208c_GNA11,Variant
g2101a_ROS1,Variant
g215v_STK11,Variant
g228a_TERT,Variant
g237*_MSH6,Variant
g23d_CDKN2A,Variant
g245d_TP53,Variant
g245s_TP53,Variant
g2485c_KIT,Variant
g2607a_EGFR,Variant
g261fs_FGFR2,Variant
g262v_TP53,Variant
g263fs_BRCA1,Variant
g266r_TP53,Variant
g2677t_MDR1,Variant
g282w_TP53,Variant
g284r_ERBB3,Variant
g290r_TP53,Variant
g3005c_MET,Variant
g3028a_MET,Variant
g3028t_MET,Variant
g309a_ERBB2,Variant
g312a_ERCC2,Variant
g31a_NFE2L2,Variant
g31e_NFE2L2,Variant
g334r_TP53,Variant
g337r_ERBB3,Variant
g33s_EGFR,Variant
g344delinsgc_ESR1,Variant
g344l345insc_ESR1,Variant
g34_H3,Variant
g34c_KRAS,Variant
g34r_H3,Variant
g34r_H3F3A,Variant
g34v_H3,Variant
g34v_H3F3A,Variant
g34w_H3F3A,Variant
g359e_TOP1,Variant
g35a_NRAS,Variant
g35fs_CDKN2A,Variant
g360a_NRAS,Variant
g364r_PIK3CA,Variant
g366r_ERBB2,Variant
g366s_GNAS,Variant
g370c_FGFR,Variant
g370c_FGFR3,Variant
g372c_FGFR3,Variant
g376r_PIK3R1,Variant
g380r_FGFR3,Variant
g388r_FGFR4,Variant
g389r_ADRB1,Variant
g38a_NRAS,Variant
g393d_MUTYH,Variant
g395a_IDH1,Variant
g39e_MSH6,Variant
g39v_ABRAXAS,Variant
g415e_ESR1,Variant
g415v_ESR1,Variant
g418a_TP53,Variant
g426d_PDGFRA,Variant
g442r_ESR1,Variant
g464_BRAF,Variant
g464e_BRAF,Variant
g464v_BRAF,Variant
g464v_GNAQ,Variant
g465e_EGFR,Variant
g465r_EGFR,Variant
g466_BRAF,Variant
g466a_BRAF,Variant
g466e_BRAF,Variant
g466r_BRAF,Variant
g466v_BRAF,Variant
g469_BRAF,Variant
g469a_BRAF,Variant
g469e_BRAF,Variant
g469i_BRAF,Variant
g469k_BRAF,Variant
g469l_BRAF,Variant
g469r_BRAF,Variant
g469s_BRAF,Variant
g469v_BRAF,Variant
g47d_TYR,Variant
g480e_PIK3CA,Variant
g48e_HOXB13,Variant
g48e_KRAS,Variant
g48l_GNAQ,Variant
g491r_BARD1,Variant
g497w_SMO,Variant
g49e_KDR,Variant
g503v_PTPN11,Variant
g52c_OCT4,Variant
g536s_TRAF7,Variant
g565r_KIT,Variant
g569fs*_RNF43,Variant
g570r_FGFR2,Variant
g5741c_MTOR,Variant
g595r_NTRK1,Variant
g595r_TRKA,Variant
g596_BRAF,Variant
g596c_BRAF,Variant
g596r_BRAF,Variant
g596v_BRAF,Variant
g598r_TRKA,Variant
g598v_EGFR,Variant
g59v_EGFR,Variant
g60d_KRAS,Variant
g623a_NTRK3,Variant
g623e_NTRK3,Variant
g623e_TRKC,Variant
g623r_NRTK3,Variant
g623r_NTRK3,Variant
g623r_TRKC,Variant
g639r_TRKA,Variant
g63r_EGFR,Variant
g644r_AR,Variant
g645fs_ASXL1,Variant
g648c_POL,Variant
g654fs_FBXW7,Variant
g659fs_RNF43,Variant
g659fsv*41_RNF43,Variant
g659vfs*41_RNF43,Variant
g660d_ERBB2,Variant
g667_NTRK1,Variant
g667c_NTRK1,Variant
g667c_TRKA,Variant
g67e_MLH1,Variant
g67r_BAX,Variant
g680r_KIT,Variant
g685e_FGFR2,Variant
g697c_FGFR3,Variant
g70d_IDH1,Variant
g710x_EGFR,Variant
g717r_TOP1,Variant
g718x_EGFR,Variant
g719_EGFR,Variant
g719a_EGFR,Variant
g719c_EGFR,Variant
g719d_EGFR,Variant
g719s_EGF,Variant
g719s_EGFR,Variant
g721s_EGFR,Variant
g724e_EGFR,Variant
g724e_POLD1,Variant
g724k_EGFR,Variant
g724s_EGFR,Variant
g729a_EGFR,Variant
g729v_EGFR,Variant
g738c_TP53,Variant
g741e_ERBB4,Variant
g742d_SF3B1,Variant
g74r_ESR1,Variant
g76e_BRAF,Variant
g776delinsvc_ERBB2,Variant
g776lc_ERBB2,Variant
g776v_ERBB2,Variant
g776vc_ERBB2,Variant
g776yvma_ERBB2,Variant
g778p780dup_ERBB2,Variant
g778p780insgsp_ERBB2,Variant
g778s779insg_ERBB2,Variant
g779a_EGFR,Variant
g779f_EGFR,Variant
g796_EGFR,Variant
g796a_EGFR,Variant
g796c_EGFR,Variant
g796d_EGFR,Variant
g796r_EGFR,Variant
g796s_EGFR,Variant
g797x_EGFR,Variant
g810_RET,Variant
g810a_RET,Variant
g810c_RET,Variant
g810r_RET,Variant
g810s_RET,Variant
g810v_RET,Variant
g810x_RET,Variant
g81v_NFE2L2,Variant
g823e_RET,Variant
g870a_CCND1,Variant
g870r_ERBB4,Variant
g879v_CDK12,Variant
g894s_RET,Variant
g907e_ERBB4,Variant
g909r_CDK12,Variant
g936e_ERBB4,Variant
g952a_MITF,Variant
g978r_BRIP1,Variant
gkm_TRK,Variant
gln13ter_FANCC,Variant
gln1701*_FANCM,Variant
gln1756profs74_BRCA1,Variant
gln192serfs*17_TP53,Variant
gln199stop_SUFU,Variant
gln2071ter_NF1,Variant
gln2128*_ARID1A,Variant
gln3026ter_BRCA2,Variant
gln564ter_BARD1,Variant
gln564x_BARD1,Variant
gln61_KRAS,Variant
gln850ter_RB1,Variant
gln855fs_BRCA1,Variant
gln999*_APC,Variant
glu143*_BRCA1,Variant
glu161del_CHEK2,Variant
glu237glyfster4_RB1,Variant
glu255*_BRCA1,Variant
glu255ter_MSH6,Variant
glu339ter_TP53,Variant
glu346leufs*25_TP53,Variant
glu388aly_FGFR4,Variant
glu38del_MAP3K9,Variant
glu466del_MUTYH,Variant
glu57del_POLD1,Variant
glu709thr710delinsasp_EGFR,Variant
glu709x_EGFR,Variant
glu746ala750del_EGFR,Variant
gluala750del_EGFR,Variant
gly2181glufs*10_BRCA2,Variant
gly266phe270del_TP53,Variant
gly388_FGFR4,Variant
gly594valfs*48_BAP1,Variant
gly659fs_RNF43,Variant
gly719x_EGFR,Variant
gly86dup_TWIST1,Variant
h100l_CDK6,Variant
h100q_AR,Variant
h1047_PIK3CA,Variant
h1047l_PIK3CA,Variant
h1047q_PIK3CA,Variant
h1047r_PI3K,Variant
h1047r_PI3KCA,Variant
h1047r_PIK3CA,Variant
h1047t_PIK3CA,Variant
h1047x_PI3K,Variant
h1047x_PIK3CA,Variant
h1047y_PIK3CA,Variant
h1048r_PIK3CA,Variant
h1065l_PIK3CA,Variant
h1074r_PIK3CA,Variant
h1097r_MET,Variant
h1112y_MET,Variant
h131r_FCGR2A,Variant
h131r_FCGR3A,Variant
h1459r_PLEC,Variant
h150y_NFE2L2,Variant
h155fs*_TCF7,Variant
h1620r_TSC2,Variant
h167n173del_FGFR2,Variant
h179r_TP53,Variant
h179y_TP53,Variant
h193l_TP53,Variant
h1968y_MTOR,Variant
h2189y_MTOR,Variant
h238y_AKT1,Variant
h2455r_BRCA2,Variant
h27fs_HRAS,Variant
h28fs_HRAS,Variant
h310q_GSK3,Variant
h3154fs_BRCA2,Variant
h33k27m_H3F3A,Variant
h362r_CSF1R,Variant
h363y_SIRT1,Variant
h377r_ESR1,Variant
h398y_ESR1,Variant
h399p_BRCA1,Variant
h3k27m_H3C2,Variant
h3k27m_H3F3A,Variant
h3k27m_HIST1H3B,Variant
h3pk27m_H3F3A,Variant
h3pk27m_HIST1H3B,Variant
h408n_PTCH1,Variant
h429fs*27_FLCN,Variant
h429fs_FLCN,Variant
h46h_ERCC5,Variant
h473r_ERBB2,Variant
h488n_ESR1,Variant
h50r_SDHD,Variant
h524l_ESR1,Variant
h594p_RET,Variant
h595y_MTRR,Variant
h596r_PPM1D,Variant
h63d_HFE,Variant
h68qfs*3_SMARCB1,Variant
h773dup_EGFR,Variant
h773duph_EGFR,Variant
h773insnph_EGFR,Variant
h773l_EGFR,Variant
h773v774insah_EGFR,Variant
h773v774insh_EGFR,Variant
h773v774insnph_EGFR,Variant
h773y_EGFR,Variant
h833v_EGFR,Variant
h835l_EGFR,Variant
h83y_CDKN2A,Variant
h848y_ERBB2,Variant
h872r_RET,Variant
h874a_AR,Variant
h874y_AR,Variant
h875t_AR,Variant
h875y_AR,Variant
h878y_ERBB2,Variant
h95d_KRAS,Variant
h95q_KRAS,Variant
h95r_KRAS,Variant
his773dup_EGFR,Variant
hisarg_FCGR2A,Variant
i103n_MAP2K1,Variant
i105v_GSTP1,Variant
i106fs*4_ARID1A,Variant
i109_EZH2,Variant
i109k_EZH2,Variant
i1170n_ALK,Variant
i1171n_ALK,Variant
i1171s_ALK,Variant
i1171t_ALK,Variant
i1171x_ALK,Variant
i117n_ALK,Variant
i119t_CDKN1B,Variant
i1307k_APC,Variant
i1317k_APC,Variant
i141m_MIA2,Variant
i157t_CHEK2,Variant
i157t_CHK2,Variant
i159t_DDR2,Variant
i160m_CHEK2,Variant
i162f_TP53,Variant
i1636v_MTOR,Variant
i171v_NBN,Variant
i173fs_ATM,Variant
i180f_BRCA2,Variant
i1908l_NF1,Variant
i1973f_MTOR,Variant
i213m_EGFR,Variant
i225n_TP53,Variant
i2315t_BRCA2,Variant
i234t_PSMB4,Variant
i2490t_BRCA2,Variant
i254fs_TP53,Variant
i255del_TP53,Variant
i255t_TP53,Variant
i2588yfsx60_BRCA2,Variant
i2627f_BRCA2,Variant
i27l_HNF1A,Variant
i28t_NFE2L2,Variant
i291y308del_FGFR2,Variant
i319m_IDH2,Variant
i322_TP53,Variant
i326v_BRAF,Variant
i343v_POFUT1,Variant
i357s_GPR155,Variant
i36v_AP3D1,Variant
i463t_BRAF,Variant
i487m_ESR1,Variant
i491m_EGFR,Variant
i49t_CDKN2A,Variant
i563l576del_KIT,Variant
i628t_ERBB2,Variant
i638f_DDR2,Variant
i645l_EGFR,Variant
i646r_ERBB3,Variant
i654v_ERBB2,Variant
i654v_FGFR2,Variant
i655v_ERBB2,Variant
i680t_RB1,Variant
i740k745dup_EGFR,Variant
i744k745inskipvai_EGFR,Variant
i744v_EGFR,Variant
i749m_NTRK3,Variant
i767m_ERBB2,Variant
i788n_RET,Variant
i789m_EGFR,Variant
i795t_MSH6,Variant
i843d846del_PDGFRA,Variant
i843d846delimhd_PDGFRA,Variant
i853a_EGFR,Variant
i944n_PALB2,Variant
i975*_JAK1,Variant
i97mfs*21_SDHB,Variant
i99k104del_MAP2K1,Variant
ile1145_ABCB1,Variant
ile795metfs*15_MSH6,Variant
ile946glnfster5_BRCA1,Variant
itd_FLT3,Variant
itdf691l_FLT3,Variant
k1002r_ERBB4,Variant
k1069q_NOTCH1,Variant
k111del_PIK3CA,Variant
k111e_PIK3CA,Variant
k111n_PIK3CA,Variant
k117_KRAS,Variant
k117_RAS,Variant
k117d_KRAS,Variant
k117e_KRAS,Variant
k117i_KRAS,Variant
k117m_KRAS,Variant
k117n_KRAS,Variant
k117q_KRAS,Variant
k117t_KRAS,Variant
k1183r_BRCA1,Variant
k120fs_TP53,Variant
k120r_TP53,Variant
k1223t_ERBB4,Variant
k1249nfs*9_DICER1,Variant
k1263*_NF1,Variant
k129e_SPOP,Variant
k132e_FGF1,Variant
k132r_TP53,Variant
k1385r_NF1,Variant
k142rfs*26_JAK1,Variant
k1452n_MTOR,Variant
k157e_CREB3,Variant
k161n_PRKN,Variant
k162fs_PD,Variant
k16m_PALB2,Variant
k1771r_MTOR,Variant
k2073i_POLE,Variant
k209n_LYN,Variant
k219fs*19_NBN,Variant
k219fs_NBN,Variant
k219nfs*16_NBN,Variant
k219nfsx16_NBN,Variant
k220r_GRK2,Variant
k222q_INHBE,Variant
k2316r_BRCA2,Variant
k235n_RAD51C,Variant
k240n_EMSY,Variant
k259t_ERCC1,Variant
k2729n_BRCA2,Variant
k2797fs*26_MLL3,Variant
k27altered_H3,Variant
k27m_H3F3A,Variant
k27m_HIST1H3B,Variant
k28m_H3,Variant
k28m_H3F3A,Variant
k291*_TP53,Variant
k291fs_NBN,Variant
k29n_SRD5A2,Variant
k303r_ESR1,Variant
k305*_TP53,Variant
k310r_FGFR2,Variant
k329t_ERBB3,Variant
k3326x_BRCA2,Variant
k336m_ARAF,Variant
k347r_TSC2,Variant
k34r_H3F3A,Variant
k351q_FANCD2,Variant
k35m_CDK4,Variant
k362n_ESR1,Variant
k373e_CHK2,Variant
k383fs_MSH3,Variant
k404x_WT1,Variant
k409q_KLF4,Variant
k425q_POLE,Variant
k437fs22_BRCA2,Variant
k454r_FAK,Variant
k464r_MRE11,Variant
k466t_EZH2,Variant
k467t_EGFR,Variant
k469e_PPM1D,Variant
k477dup_FH,Variant
k483e_BRAF,Variant
k508m_FGFR3,Variant
k508r_FGFR3,Variant
k509n_KIT,Variant
k520k_ESR1,Variant
k521_EGFR,Variant
k536x_TET2,Variant
k550k558del_KIT,Variant
k550splice_KIT,Variant
k558g565delinsr_KIT,Variant
k57e_MAP2K1,Variant
k57e_MEK1,Variant
k57n_MAP2K1,Variant
k57t_MAP2K1,Variant
k57t_MEK1,Variant
k593q_EGFR,Variant
k6001e_BRAF,Variant
k601_BRAF,Variant
k601e_BRAF,Variant
k601i_BRAF,Variant
k601n_BRAF,Variant
k601q_BRAF,Variant
k601t_BRAF,Variant
k601w_BRAF,Variant
k620k_EMSY,Variant
k630t_AR,Variant
k634a_PDGFRB,Variant
k641r_FGFR2,Variant
k642e_KIT,Variant
k644e_FGFR3,Variant
k650e_FGFR3,Variant
k650m_FGFR3,Variant
k653e_PDGFRB,Variant
k654e_FGFR1,Variant
k656e_FGFR1,Variant
k659e_FGFR2,Variant
k659m_FGFR2,Variant
k660n_FGFR2,Variant
k666n_SF3B1,Variant
k674r_PIK3R1,Variant
k676e_ERBB2,Variant
k687_FGFR1,Variant
k687e_FGFR1,Variant
k700e_SF3B1,Variant
k708r_EGFR,Variant
k714r_FGFR2,Variant
k742e_ERBB3,Variant
k745l_EGFR,Variant
k745r_EGFR,Variant
k751m_ERBB4,Variant
k751q_ERCC2,Variant
k751q_XPD,Variant
k753e_ERBB2,Variant
k753i_ERBB2,Variant
k754e_EGFR,Variant
k757e_EGFR,Variant
k757n_EGFR,Variant
k767r_MORC2,Variant
k799r_BRCA2,Variant
k844s_RB1,Variant
k860i_EGFR,Variant
k860k_ERBB2,Variant
k860nfs*16_JAK1,Variant
k898e_BRCA1,Variant
k89m_GNB1,Variant
k935i_ERBB4,Variant
k939q_XPC,Variant
k93q_TP53,Variant
k93r_TP53,Variant
k944n_PIK3CA,Variant
k944x_BRCA2,Variant
k966e_PIK3CA,Variant
kdd_EGFR,Variant
kiaa1549_BRAF,Variant
kiaa1549braf_BRAF,Variant
kif5bret_RET,Variant
l1070p_PALB2,Variant
l1089s_MSH6,Variant
l111r_TP53,Variant
l1122m_ALK,Variant
l1122v_ALK,Variant
l1129s_APC,Variant
l113del_PIK3CA,Variant
l1143p_PALB2,Variant
l1152r_ALK,Variant
l1152v_ALK,Variant
l1195v_MET,Variant
l1196_ALK,Variant
l1196m_ALK,Variant
l1196m_EML4ALK,Variant
l1196q_ALK,Variant
l1198f_ALK,Variant
l1213v_MET,Variant
l122r_MYOD1,Variant
l1243r_MET,Variant
l1268p_WHSC1,Variant
l12v_PPP1R17,Variant
l130f_TP53,Variant
l1363p_BRCA1,Variant
l138f_RAD51C,Variant
l1395v_ASXL1,Variant
l1548p_TSC2,Variant
l156v_PIK3CA,Variant
l1576f_BRCA2,Variant
l162f_CUX1,Variant
l162r_IKZF3,Variant
l1708p_ATM,Variant
l174v_CD19,Variant
l1780p_BRCA1,Variant
l1786p_BRCA1,Variant
l183s_CASP8,Variant
l194f_TP53,Variant
l1950f_ROS1,Variant
l1951r_ROS1,Variant
l1996m_ALK,Variant
l19f_KRAS,Variant
l2000v_ROS1,Variant
l2026_ROS1,Variant
l2026m_ROS1,Variant
l205r_PRKACA,Variant
l206r_PRKACA,Variant
l2086f_ROS1,Variant
l2155l_ARID1A,Variant
l2209v_MTOR,Variant
l229f_MET,Variant
l2307f_ATM,Variant
l2332p_ATM,Variant
l239r_DDR2,Variant
l24f_PALB2,Variant
l24s_PALB2,Variant
l265p_MYD88,Variant
l266a_SMARCB1,Variant
l267x_RB1,Variant
l2732x_BRCA2,Variant
l27p_FLT3LG,Variant
l283l_POLE,Variant
l30f_NFE2L2,Variant
l313i_ERBB2,Variant
l329w_AR,Variant
l330fs_TSC1,Variant
l345sfsx7_ESR1,Variant
l348s_TP53,Variant
l349p_ETV6,Variant
l359i_MSH4,Variant
l35f_PALB2,Variant
l35p_PALB2,Variant
l382fs_FOXO3,Variant
l391f_ESR1,Variant
l43f_SMAD4,Variant
l442p_ETV6,Variant
l445r_RAF1,Variant
l449f_NTRK3,Variant
l469v_ESR1,Variant
l509q_MTOR,Variant
l523p_TSHZ3,Variant
l525r_BRAF,Variant
l528_BTK,Variant
l528w_BTK,Variant
l52r_AKT1,Variant
l535fs_SMAD4,Variant
l536_ESR1,Variant
l536h_ESR1,Variant
l536p_ESR1,Variant
l536q_ESR1,Variant
l536r_ESR1,Variant
l536s_ESR1,Variant
l540_ESR1,Variant
l550v_FGFR2,Variant
l557*_BRCA2,Variant
l567v_BRAF,Variant
l569v_FGFR1,Variant
l576p_KIT,Variant
l583x_FBXW7,Variant
l584f_BRAF,Variant
l585r_EGFR,Variant
l595p_DDR2,Variant
l597_BRAF,Variant
l597h_BRAF,Variant
l597i_BRAF,Variant
l597p_BRAF,Variant
l597q_BRAF,Variant
l597r_BRAF,Variant
l597s_BRAF,Variant
l597v_BRAF,Variant
l605f_FANCI,Variant
l617m_FGFR2,Variant
l617v_FGFR2,Variant
l618f_FGFR2,Variant
l62r_EGFR,Variant
l63*_BRCA1,Variant
l63v_DDR2,Variant
l63x_BRCA1,Variant
l643v_EGFR,Variant
l666fs*29_DAXX,Variant
l694*_FANCM,Variant
l701h_AR,Variant
l702a_AR,Variant
l702h_AR,Variant
l70fs_PTEN,Variant
l718a_EGFR,Variant
l718m_EGFR,Variant
l718q_EGFR,Variant
l718r_EGFR,Variant
l718v_EGFR,Variant
l718x_EGFR,Variant
l720h_AR,Variant
l729qfsx6_PMS2,Variant
l730i_RET,Variant
l730v_RET,Variant
l747a750del_EGFR,Variant
l747a750delinsp_EGFR,Variant
l747a750insp_EGFR,Variant
l747p753delinss_EGFR,Variant
l747p753s_EGFR,Variant
l747p_EGFR,Variant
l747s752del_EGFR,Variant
l747s_EGFR,Variant
l747t751del_EGFR,Variant
l749p_EGFR,Variant
l755f_ERBB2,Variant
l755p_ERBB2,Variant
l755s_ERBB2,Variant
l755t759del_ERBB2,Variant
l760p_EGFR,Variant
l778m_EGFR,Variant
l783v_KIT,Variant
l790f_RET,Variant
l792_EGFR,Variant
l792a_EGFR,Variant
l792f_EGFR,Variant
l792h_EGFR,Variant
l792v_EGFR,Variant
l792v_ERBB3,Variant
l796p_ERBB2,Variant
l798i_EGFR,Variant
l798r_ERBB4,Variant
l816q_EGFR,Variant
l826m_TSC2,Variant
l833v_EGFR,Variant
l840f_KDR,Variant
l841v_ERBB2,Variant
l844v_EGFR,Variant
l845_PLCG2,Variant
l845f_PLCG2,Variant
l858r_EGFR,Variant
l858rt790m_EGFR,Variant
l860r_EGFR,Variant
l861_EGFR,Variant
l861q_EGFR,Variant
l861r_EGFR,Variant
l861x_EGFR,Variant
l866m_ERBB2,Variant
l868r_EGFR,Variant
l869q_ERBB2,Variant
l869r_ERBB2,Variant
l881v_RET,Variant
l88s_PD,Variant
l939w_PALB2,Variant
l940v_JAK3,Variant
l99p_EIF2B,Variant
la1_KRAS,Variant
leu212lys214insileileleuarg_PRKACA,Variant
leu248glnthrleu252_SKP2,Variant
leu43ter_TP53,Variant
leu505fs_NF2,Variant
leu622serfs*10_MLH1,Variant
leu72argfster37_TP53,Variant
leu747ser752del_EGFR,Variant
leu747thr751del_EGFR,Variant
leu755glu757delinsprolys_ERBB2,Variant
leu755glu757delinsser_ERBB2,Variant
leu792h_EGFR,Variant
leu822*_ATM,Variant
lslg12d_KRAS,Variant
lys120fs_TP53,Variant
lys3326ter_BRCA2,Variant
lys477dup_FH,Variant
lys5_NRAS,Variant
lys652glufx21_BRCA1,Variant
lys91fs*13_RAD51D,Variant
lys91fs_RAD51D,Variant
m1004v_PIK3CA,Variant
m1043_PIK3CA,Variant
m1043i_PIK3CA,Variant
m1043v_PIK3CA,Variant
m117v_SPOP,Variant
m1250t_MET,Variant
m133r_TP53,Variant
m161i_POLD1,Variant
m1714fs_ATM,Variant
m1943i_PIK3CA,Variant
m1i_KRAS,Variant
m1k_KRAS,Variant
m1l_KRAS,Variant
m1r_KRAS,Variant
m1t_KRAS,Variant
m1v_KRAS,Variant
m214k_TP53,Variant
m235t_AGT,Variant
m250t_ESR1,Variant
m272r_RAD21,Variant
m277e_EGFR,Variant
m283fs_HNF1A,Variant
m283i_HNF1A,Variant
m326i_PIK3R1,Variant
m40i_PTPN5,Variant
m437r_BTK,Variant
m444k_POLE,Variant
m47v_SDHAF2,Variant
m483t484del_ERCC2,Variant
m512l_KRAS,Variant
m524i_MLH1,Variant
m525l_SMO,Variant
m528i_FGFR3,Variant
m528v_ESR1,Variant
m535i_FGFR1,Variant
m538i_FGFR2,Variant
m541l_KIT,Variant
m582is10_PIK3R1,Variant
m590k_BRAF,Variant
m5l_LACTB,Variant
m610k_PIK3CA,Variant
m62i_DUSP6,Variant
m754i_DDR2,Variant
m793k_EGFR,Variant
m844s847del_PDGFR,Variant
m868i_RET,Variant
m895_AR,Variant
m895t_AR,Variant
m896t_AR,Variant
m896v_AR,Variant
m90i_RIT1,Variant
m918t_RET,Variant
m947t_EGFR,Variant
mek_MAP2K1,Variant
met243met247del_TP53,Variant
met723valfs*21_PALB2,Variant
metbdnf_BDNF,Variant
midh1r132h_IDH1,Variant
min_APC,Variant
mt_TP53,Variant
myr_AKT1,Variant
n1044h_PIK3CA,Variant
n1044k_PIK3CA,Variant
n1178h_ALK,Variant
n118n_ERCC1,Variant
n1252s_FANCI,Variant
n126k_ERBB3,Variant
n127d_AKT3,Variant
n1421d_MTOR,Variant
n1425s_BCOR,Variant
n143k_TP53,Variant
n172d_PPEF,Variant
n2043s_MTOR,Variant
n2098h_POLE,Variant
n209i_NRMT1,Variant
n233y_SOS1,Variant
n239s_TP53,Variant
n255fs_BRCA2,Variant
n268fs_TP53,Variant
n29i_PRSS1,Variant
n345d_PIK3CA,Variant
n345i_PIK3CA,Variant
n345k_PI3KCA,Variant
n345k_PIK3CA,Variant
n345s_PIK3CA,Variant
n345t_PIK3CA,Variant
n359i_ESR1,Variant
n363k_POLE,Variant
n372h_BRCA1,Variant
n372h_BRCA2,Variant
n375s_MET,Variant
n377i_NRDE2,Variant
n385fs_ETV6,Variant
n394y_CCDC6,Variant
n486p490del_BRAF,Variant
n508i_KIT,Variant
n515fs*16_BLM,Variant
n528d_EGFR,Variant
n535k_FGFR4,Variant
n540k_FGFR3,Variant
n540s_FGFR3,Variant
n546d_FGFR1,Variant
n546k_FGFR1,Variant
n546s_FGFR1,Variant
n549d_FGFR2,Variant
n549h_FGFR2,Variant
n549s_FGFR2,Variant
n550k_FGFR2,Variant
n564d_PIK3R1,Variant
n56k_EGFR,Variant
n571k_ALK,Variant
n577k_FGFR1,Variant
n57k_MAP2K1,Variant
n581d_BRAF,Variant
n581h_BRAF,Variant
n581i_BRAF,Variant
n581k_BRAF,Variant
n581s_BRAF,Variant
n581t_BRAF,Variant
n581y_BRAF,Variant
n595s_PIK3R1,Variant
n642h_STAT5B,Variant
n655k_KIT,Variant
n659k_PDGFRA,Variant
n666k_PDGFRB,Variant
n728s_FGFR2,Variant
n771delinsgf_EGFR,Variant
n771delinshh_EGFR,Variant
n771h773dup_EGFR,Variant
n771h773dupnph_EGFR,Variant
n771p772insn_EGFR,Variant
n808s_EGFR,Variant
n822_KIT,Variant
n822h_KIT,Variant
n822k_KIT,Variant
n822y_KIT,Variant
n824k_KIT,Variant
n833w_AR,Variant
n841g_FLT3,Variant
n841i_FLT3,Variant
n842a_EGFR,Variant
n842h_EGFR,Variant
n90_CTNNB1,Variant
n97fs*43_PTCH1,Variant
ncoa4ret_RET,Variant
notch3_AKAP8L,Variant
nrf2e79k_NFE2L2,Variant
nrf2e79q_NFE2L2,Variant
ntrk3_ETV6,Variant
nvtap_BRAF,Variant
p1008a_MET,Variant
p1035h_ERBB2,Variant
p104l_PALB2,Variant
p104l_PIK3CA,Variant
p104r_PIK3CA,Variant
p110*_PIK3CA,Variant
p1170a_ERBB2,Variant
p1220fs*1223_NF1,Variant
p124_MEK1,Variant
p124l_MEK1,Variant
p124q_MEK1,Variant
p124r_MAP2K1,Variant
p124s_MEK1,Variant
p1272s_SRC,Variant
p128fs_TP53,Variant
p12a_PPARG,Variant
p131l_RQCD1,Variant
p13kca_PIK3CA,Variant
p1450r_TSC2,Variant
p1464a_BRCA1,Variant
p1488p1494_CREBBP,Variant
p151h_TP53,Variant
p151r_JAK3,Variant
p151t_TP53,Variant
p1521t_TSC2,Variant
p152l_TP53,Variant
p153q_BRCA2,Variant
p159s_ETV1,Variant
p161l_TASP1,Variant
p165fs_SOCS1,Variant
p16_CDKN2A,Variant
p16l_EP300,Variant
p1749r_BRCA1,Variant
p187a_BARD1,Variant
p187s_NQO1,Variant
p190l_TP53,Variant
p190t_TP53,Variant
p191del_TP53,Variant
p191fs*18_TP53,Variant
p200l_PIK3CA,Variant
p207s_CRAF,Variant
p210_BCR,Variant
p211s_NRMT1,Variant
p2189a_ARID1B,Variant
p21_CDKN1A,Variant
p2213s_MTOR,Variant
p222l_SMARCA4,Variant
p222x_TP53,Variant
p223l_TP53,Variant
p242r_POLB,Variant
p248lfs*8_PTEN,Variant
p248tfs*5_PTEN,Variant
p24s_BARD1,Variant
p250r_FGFR3,Variant
p253r_FGFR2,Variant
p261a_CRAF,Variant
p262h_ERBB3,Variant
p278a_TP53,Variant
p278s_TP53,Variant
p279r_CREBBP,Variant
p279s_SDHA,Variant
p281fs_STK11,Variant
p281l_STK11,Variant
p286r_POLE,Variant
p29l_RAC1,Variant
p29s_RAC1,Variant
p333hfster5_TSC1,Variant
p334h_XPC,Variant
p34r_RAC1,Variant
p38l_MMP2,Variant
p39a_TSC1,Variant
p406a_ESR1,Variant
p409l_CDKAL1,Variant
p436r_POLE,Variant
p447l455del_PIK3CA,Variant
p449l455del_PIK3CA,Variant
p449t_PI3K,Variant
p44l_MYCN,Variant
p452l_POLE,Variant
p47s_TP53,Variant
p491q_PTPN11,Variant
p521l_SH2B3,Variant
p523l_ERBB2,Variant
p535h_ESR1,Variant
p536h_ESR1,Variant
p539r_PIK3CA,Variant
p577del_KIT,Variant
p58l_ERK2,Variant
p58s_ERK2,Variant
p58t_ERK2,Variant
p596l_EGFR,Variant
p604s_ATM,Variant
p61brafv600e_BRAF,Variant
p62_SQSTM1,Variant
p641a_SMO,Variant
p669l_BARD1,Variant
p696l_BRIP1,Variant
p699l_ERBB2,Variant
p714l_FANCD2,Variant
p719a_EGFR,Variant
p725l_JAK3,Variant
p72r_TP53,Variant
p733l_JAK1,Variant
p747752del_EGFR,Variant
p753s_EGFR,Variant
p757l_EXO1,Variant
p75r_ASNA1,Variant
p772h773inshp_EGFR,Variant
p780insgsp_ERBB2,Variant
p780y781insgsp_ERBB2,Variant
p794r_EGFR,Variant
p794s_EGFR,Variant
p79a_ESR1,Variant
p824l_BRCA1,Variant
p832s_JAK1,Variant
p848l_EGFR,Variant
p871l_BRCA1,Variant
p893s_AR,Variant
p89x_TP53,Variant
p918l_ABL1,Variant
p937l_EGFR,Variant
p95h_SRSF2,Variant
p95her2_ERBB2,Variant
p98l_TP53,Variant
parg399gln_XRCC1,Variant
patg4bs383_ATG4B,Variant
pbx1_E2A,Variant
pc65s_PTEN,Variant
pc702fs_NOTCH1,Variant
pdgfrd849v_PDGFRB,Variant
pe380q_ESR1,Variant
pe746a750del_EGFR,Variant
pf609fs_DNMT3A,Variant
pg12c_KRAS,Variant
pg469a_BRAF,Variant
phe157del_FLCN,Variant
phe32serfs*8_RAD51C,Variant
pheval_FCGR3A,Variant
pi3kcae545k_PIK3CA,Variant
pi3kh1047r_PI3KCA,Variant
pk123x_SDE2,Variant
pk601e_BRAF,Variant
pp2320fs_NOTCH1,Variant
pq600x_BCOR,Variant
pr140q_IDH2,Variant
pr248w_TP53,Variant
pro1069leufs*2_ATM,Variant
pro116hisfs_POLD1,Variant
pro1667serfster15_NF1,Variant
pro301fs_TP53,Variant
pro409alafs_GATA3,Variant
pro641ala_SMO,Variant
pro72_TP53,Variant
pro780tyr781insglyserpro_ERBB2,Variant
pro780tyr781insgsp_ERBB2,Variant
ps294_ESR1,Variant
ps308_AR,Variant
ps515_AR,Variant
ps650_AR,Variant
pser36*_RABL3,Variant
pt416ezh2_EZH2,Variant
pt790m_EGFR,Variant
ptchglu947ter_PTCH1,Variant
pulk1s555_ULK1,Variant
pulk1s757_ULK1,Variant
py1068_EGFR,Variant
q1045h_PDE4DIP,Variant
q1146k_ALK,Variant
q1155r_MSH6,Variant
q119l_RRAGC,Variant
q1206x_ERBB2,Variant
q12v_KRAS,Variant
q1307fs_FANCA,Variant
q136l_TP53,Variant
q136r_TP53,Variant
q136x_TP53,Variant
q1395hfs*22_NF1,Variant
q1469ter_APC,Variant
q1500p_CREBBP,Variant
q1501p_CREBBP,Variant
q158rfs*19_PALB2,Variant
q165p_SPOP,Variant
q16r_NRAS,Variant
q1811x_BRCA1,Variant
q1814k_MYH8,Variant
q1815_NF1,Variant
q199x_TP53,Variant
q201l_SMARCA4,Variant
q2071*_NF1,Variant
q209_GNAQ,Variant
q209l_BRAF,Variant
q209l_GNA11,Variant
q209l_GNAQ,Variant
q209p_GNA11,Variant
q209p_GNAQ,Variant
q209r_GNAQ,Variant
q212_NF2,Variant
q214_SDHB,Variant
q22k_KRAS,Variant
q22l_KRAS,Variant
q22r_KRAS,Variant
q23*_CDH1,Variant
q257_ATR,Variant
q267fs_BAP1,Variant
q2762fs*6_ATM,Variant
q27e_ADRB2,Variant
q2899*_BRCA2,Variant
q2899l_BRCA2,Variant
q314_ESR1,Variant
q316e_IDH2,Variant
q318x_SMARCB1,Variant
q329l_PIK3R1,Variant
q331h_TP53,Variant
q356r_BRCA1,Variant
q393x_ERBB2,Variant
q396x_ERBB2,Variant
q398k_ERBB2,Variant
q399r_XRCC1,Variant
q410_NF2,Variant
q412*_SOX9,Variant
q418p_CTIP,Variant
q472_KDR,Variant
q472h_KDR,Variant
q527stop*_TSC1,Variant
q546_PIK3CA,Variant
q546e_PIK3CA,Variant
q546k_PIK3CA,Variant
q546r_PIK3CA,Variant
q556v560del_KIT,Variant
q565_ESR1,Variant
q56p_MAP2K1,Variant
q56p_MEK1,Variant
q580l_ESR1,Variant
q58e62del_MEK1,Variant
q61_HRAS,Variant
q61_KRAS,Variant
q61_NRAS,Variant
q61_RAS,Variant
q61h_KRAS,Variant
q61h_NRAS,Variant
q61k_BRAF,Variant
q61k_HRAS,Variant
q61k_KRAS,Variant
q61k_NRAS,Variant
q61l_HRAS,Variant
q61l_KRAS,Variant
q61l_NRAS,Variant
q61l_RAC1,Variant
q61r_HRAS,Variant
q61r_KRAS,Variant
q61r_NRAS,Variant
q61x_KRAS,Variant
q61x_NRAS,Variant
q640x_AR,Variant
q674_TNIK,Variant
q67l_ARF6,Variant
q701tfs*23_RBM26,Variant
q706*_CDH1,Variant
q71l_ARF1,Variant
q730l_BARD1,Variant
q733x_PTEN,Variant
q75e_PIK3CA,Variant
q780*_BRCA2,Variant
q784*_AR,Variant
q787q_EGFR,Variant
q791a_EGFR,Variant
q791h_EGFR,Variant
q791l_EGFR,Variant
q79k_AKT1,Variant
q849h_EGFR,Variant
q855_BRCA1,Variant
q859k_PIK3CA,Variant
q944fs*14_ARID1A,Variant
r100*_MLH1,Variant
r1004g_MET,Variant
r1010i_MET,Variant
r1032q_KDR,Variant
r103g_ERBB3,Variant
r1040q_MET,Variant
r106a_KUB5,Variant
r106c_ERBB4,Variant
r106w_MUTYH,Variant
r1076c_MSH6,Variant
r107r110dup_BCL2,Variant
r1086q_PALB2,Variant
r108g_EGFR,Variant
r108h_PIK3CA,Variant
r108k_EGFR,Variant
r1093*_RAD50,Variant
r1093x_SMARCA4,Variant
r110c_TP53,Variant
r110p_TP53,Variant
r110pfs*39_TP53,Variant
r1126h_WHSC1,Variant
r114*_POLE,Variant
r115p_PIK3CA,Variant
r115q_PIK3CA,Variant
r1163a_PHLDB2,Variant
r1181h_ALK,Variant
r118q_LRFN3,Variant
r1192p_ALK,Variant
r119h_POLD1,Variant
r11l_SEC11A,Variant
r121_SPOP,Variant
r121q_SPOP,Variant
r122h_PRSS1,Variant
r1245c_ALK,Variant
r124c_CDKN2A,Variant
r1274q_ALK,Variant
r1275_ALK,Variant
r1275l_ALK,Variant
r1275q_ALK,Variant
r1276q_NF1,Variant
r1279q_ALK,Variant
r129l_BCL,Variant
r130*_PTEN,Variant
r1304w_ERBB4,Variant
r130q_PTEN,Variant
r1324l_FLT4,Variant
r1325k_BRCA1,Variant
r132_IDH1,Variant
r132c_IDH,Variant
r132c_IDH1,Variant
r132g_IDH1,Variant
r132h_IDH,Variant
r132h_IDH1,Variant
r132l_IDH1,Variant
r132q_IDH1,Variant
r132s_IDH1,Variant
r135k_MAPK1,Variant
r139w_NQO1,Variant
r1400h_FANCA,Variant
r140_IDH2,Variant
r140g_IDH2,Variant
r140q_IDH2,Variant
r140w_IDH2,Variant
r141p_TP53,Variant
r1439q_FASN,Variant
r1446_CREBBP,Variant
r1447h_CREBBP,Variant
r1450*_APC,Variant
r145w_CHEK2,Variant
r1516*_TET2,Variant
r154c_SLIT3,Variant
r1568k_NOTCH1,Variant
r156p_TP53,Variant
r157h_TP53,Variant
r158c_TP53,Variant
r158g_TP53,Variant
r158l_TP53,Variant
r158x_SMARCB1,Variant
r1590c_NF1,Variant
r165q_EGFR,Variant
r167h_TP53,Variant
r1699q_BRCA1,Variant
r16g_ADRB2,Variant
r172_IDH2,Variant
r172c_IDH2,Variant
r172g_IDH2,Variant
r172h_TP53,Variant
r172k_IDH2,Variant
r172m_IDH2,Variant
r172p_IDH2,Variant
r172s_IDH2,Variant
r172t_IDH2,Variant
r172w_IDH2,Variant
r1751*_BRCA1,Variant
r175_TP53,Variant
r175h_TP53,Variant
r1779*_KMT2B,Variant
r179c_FBXW7,Variant
r1809c_NF1,Variant
r180_GSK3,Variant
r181h_ETV6,Variant
r183l_GNAQ,Variant
r183q_GNAQ,Variant
r184*_TP53,Variant
r186h_GNAS,Variant
r18h_BRCA2,Variant
r19*_MUTYH,Variant
r194w_XRCC1,Variant
r196*_TP53,Variant
r196x_TP53,Variant
r19h_POLD1,Variant
r201*_TP53,Variant
r201c_GNAS,Variant
r201h_GNAS,Variant
r209*_TP53,Variant
r2108c_BRCA2,Variant
r213*_TP53,Variant
r213_TP53,Variant
r213q_TP53,Variant
r215w_NBN,Variant
r2227c_ATM,Variant
r222c_EGFR,Variant
r231q_DOT1L,Variant
r233*_PTEN,Variant
r233h_FH,Variant
r2400*_NOTCH2,Variant
r242f_TP53,Variant
r245w_TP53,Variant
r2482c_BRCA2,Variant
r248_TP53,Variant
r248c_FGFR,Variant
r248c_FGFR2,Variant
r248c_FGFR3,Variant
r248h_TP53,Variant
r248l_TP53,Variant
r248q_TP53,Variant
r248w_PI3K,Variant
r248w_TP53,Variant
r249_TP53,Variant
r249del_TP53,Variant
r249s_TP53,Variant
r24a_CDK4,Variant
r24c_CDK4,Variant
r24h_CDK4,Variant
r24l_CDK4,Variant
r252c_BRCA1,Variant
r261h_TP53,Variant
r262*_NF2,Variant
r262_NF2,Variant
r2645g_BRCA2,Variant
r267q_TP53,Variant
r267w_TP53,Variant
r270c_TP53,Variant
r270h_TP53,Variant
r273_TP53,Variant
r273c_TP53,Variant
r273h_TP53,Variant
r273l_TP53,Variant
r273s_TP53,Variant
r280k_TP53,Variant
r280s_TP53,Variant
r282h_TP53,Variant
r282w_TP53,Variant
r287w_SMAD3,Variant
r2896c_BRCA2,Variant
r2912efs*26_ATM,Variant
r293x_MSR1,Variant
r2964t_BRCA2,Variant
r3008h_ATM,Variant
r303p_PTEN,Variant
r304*_AIP,Variant
r3052q_BRCA2,Variant
r306*_TP53,Variant
r306c_ERBB4,Variant
r31c_CDK6,Variant
r320q_KEAP1,Variant
r320w_KEAP1,Variant
r32h_IDH1,Variant
r330q_ERBB2,Variant
r333vfs*12_TP53,Variant
r335*_PTEN,Variant
r335_PTEN,Variant
r337c_TP53,Variant
r337h_TP53,Variant
r339fs_HLA,Variant
r340r_ERBB2,Variant
r341q_CPAMD8,Variant
r34g_NFE2L2,Variant
r352hfs*89_PRKAR1A,Variant
r357q_PIK3CA,Variant
r359s_MSH2,Variant
r3614_SMAD4,Variant
r361c_SMAD4,Variant
r361h_SMAD4,Variant
r362h_ARAF,Variant
r364h_TOP1,Variant
r364k_TOP1,Variant
r364w_POFUT1,Variant
r367q_NT5C2,Variant
r374q_SMARCB1,Variant
r375q_POLE,Variant
r377fs_MSH6,Variant
r378s_BARD1,Variant
r382q_STAT3,Variant
r385c_FBXW7,Variant
r38c_PI3KCA,Variant
r38c_PIK3CA,Variant
r391w_CRAF,Variant
r393w_ERBB4,Variant
r396q_GSK3,Variant
r399q_XRCC1,Variant
r39q_NT5C2,Variant
r40h_OTC,Variant
r414x_PALB2,Variant
r417q_MET,Variant
r418*_ATRX,Variant
r418c_GSK3,Variant
r436h_ESR1,Variant
r43h_POFUT1,Variant
r451c_EGFR,Variant
r456c_ERBB2,Variant
r456c_HSP90AB1,Variant
r458g_NTRK2,Variant
r461*_NF1,Variant
r465_FBXW7,Variant
r465c_FBXW7,Variant
r465h_FBXW7,Variant
r468h_MSH6,Variant
r469k_LACTB,Variant
r470c_KEAP1,Variant
r479q_FBXW7,Variant
r482g_ABCG2,Variant
r482t_ABCG2,Variant
r488w_ERBB4,Variant
r491q_MTOR,Variant
r497k_EGFR,Variant
r500*_TSC1,Variant
r509*_TSC1,Variant
r509h_BRAF,Variant
r521k_EGF,Variant
r521k_EGFR,Variant
r524c_ERBB4,Variant
r537s_ESR1,Variant
r544w_ERBB4,Variant
r549c_ASXL1,Variant
r549s_SF3B1,Variant
r54c_FGFR1,Variant
r54g_FGFR1,Variant
r54r_FGFR1,Variant
r54s_FGFR1,Variant
r552x_RB1,Variant
r561c_PDGFRB,Variant
r565c_BARD1,Variant
r583h_NTRK1,Variant
r584c_PTPTD,Variant
r58q_BCL10,Variant
r58x_CDKN2A,Variant
r601l_ERCC2,Variant
r603q_BRAF,Variant
r60c_GNA11,Variant
r611q_TSC2,Variant
r616h_AR,Variant
r619c_MTOR,Variant
r61sfs*59_GPRC5A,Variant
r625c_SF3B1,Variant
r625g_SF3B1,Variant
r625h_SF3B1,Variant
r630q_AR,Variant
r634w_KIT,Variant
r652c_NF1,Variant
r65fs*58_TP53,Variant
r65fs_TP53,Variant
r664w_FGFR2,Variant
r665w_PLC2,Variant
r665w_PLCG2,Variant
r666_ATRX,Variant
r667h_ERBB3,Variant
r670w_EGFR,Variant
r6712_BRAF,Variant
r675q_EGFR,Variant
r678q_ERBB2,Variant
r68s_KRAS,Variant
r693h_RET,Variant
r695c_ERCC2,Variant
r6w_NTRK1,Variant
r704q_REV1,Variant
r711c_ERBB4,Variant
r711p_MSH2,Variant
r71g_BRCA1,Variant
r721q_RET,Variant
r72_TP53,Variant
r72p_TP53,Variant
r7415h_TTN,Variant
r744h_NTRK1,Variant
r749q_XPO1,Variant
r776c_EGFR,Variant
r776g_EGFR,Variant
r776h_EGFR,Variant
r784g_ERBB2,Variant
r789*_BRIP1,Variant
r799w_ERCC4,Variant
r813q_RET,Variant
r813w_RET,Variant
r816h_ERBB2,Variant
r81t_SIN1,Variant
r82s_IRF2,Variant
r831c_EGFR,Variant
r831h_EGFR,Variant
r83h_RARA,Variant
r841a_EGFR,Variant
r844h_GNAS,Variant
r847h_ERBB4,Variant
r873q_RET,Variant
r882_DNMT3A,Variant
r882h_DNMT3A,Variant
r88q_PIK3CA,Variant
r891l_ABCC4,Variant
r916c_PIK3CA,Variant
r925l_JAK3,Variant
r93q_PIK3CA,Variant
r93w_PIK3CA,Variant
r943c_FAM160A1,Variant
r952k_ATP7B,Variant
r961w_KDR,Variant
r962h_EGFR,Variant
r966w_UNC13D,Variant
r96_GSK3,Variant
r973g_KMT2C,Variant
r988c_MET,Variant
r988fs*11_MSH6,Variant
r98q_EGFR,Variant
r992c_ERBB4,Variant
ras_NRAS,Variant
rs10030044_CTSO,Variant
rs10046_CYP19A1,Variant
rs10069690_TERT,Variant
rs1017874_SH3KBP1,Variant
rs10228436_EGFR,Variant
rs10251977_EGFR,Variant
rs10274_RPS6KB2,Variant
rs1034528_MTOR,Variant
rs10380_MTRR,Variant
rs10416697_ILT,Variant
rs1042713_ADRB2,Variant
rs1042714_ADRB2,Variant
rs1042821_MSH6,Variant
rs1044243_CD166,Variant
rs104522_TP53,Variant
rs1045411_HMGB1,Variant
rs1045642_ABCB1,Variant
rs1045642_MDR1,Variant
rs1047768_ERCC5,Variant
rs1048201_FGF2,Variant
rs1048290_KEAP1,Variant
rs1048943_CYP1A1,Variant
rs10494071_VAV3,Variant
rs1050171_EGFR,Variant
rs10514231_ATG10,Variant
rs10515074_PIK3R1,Variant
rs10519297_CYP19A1,Variant
rs1052133_HOGG1,Variant
rs1053004_STAT,Variant
rs1055153_TAZ,Variant
rs1056629_MPHOSPH6,Variant
rs1056654_MPHOSPH6,Variant
rs1056836_CYP1B1,Variant
rs1061280_SMO,Variant
rs1061285_SMO,Variant
rs1062033_CYP19A1,Variant
rs1063539_ADIPOQ,Variant
rs1065754_EPS15,Variant
rs10811661_CDKN2A,Variant
rs108621_MLH3,Variant
rs10873142_HIF,Variant
rs10889677_IL23R,Variant
rs10898880_ATG16L2,Variant
rs10955176_MST2,Variant
rs11045585_SLCO1B3,Variant
rs11070844_CYP19A1,Variant
rs11085735_KEAP1,Variant
rs11149523_VEGFR,Variant
rs11158358_HIF,Variant
rs11188513_CD39,Variant
rs11202592_PTEN,Variant
rs11202607_PTEN,Variant
rs11212570_ATM,Variant
rs11212617_ATM,Variant
rs11230563_CD6,Variant
rs1126647_IL8,Variant
rs1128503_ABCB1,Variant
rs1130233_AKT1,Variant
rs1130409_APEX1,Variant
rs1130609_RRM2,Variant
rs1136201_ERBB2,Variant
rs1136410_ADPRT,Variant
rs1137100_LEPR,Variant
rs114729114_BRAF,Variant
rs11540654_TP53,Variant
rs11542848_PGF,Variant
rs11545829_KEAP1,Variant
rs11549465_HIF,Variant
rs11549465_HIF1,Variant
rs11554137_IDH1,Variant
rs11571833_BRCA2,Variant
rs11572080_CYP2C8,Variant
rs11574077_VDR,Variant
rs11585329_LEPROT,Variant
rs11615_ERCC1,Variant
rs11636419_CYP1A2,Variant
rs11653499_RAPTOR,Variant
rs116615_ERCC1,Variant
rs1168690_PDK1,Variant
rs1169288_HNF1A,Variant
rs11795873_SH3KBP1,Variant
rs11849538_TCL1A,Variant
rs11904366_PDK1,Variant
rs11942466_NEAR,Variant
rs1196333_MDM2,Variant
rs11977021_VISFATIN,Variant
rs11978293_RPA3,Variant
rs12116957_MTOR,Variant
rs12125777_MTOR,Variant
rs121434592_AKT1,Variant
rs12150220_NLRP1,Variant
rs12150660_SHBG,Variant
rs121913240_KRAS,Variant
rs121913529_KRAS,Variant
rs121913530_KRAS,Variant
rs121918347_SMO,Variant
rs1219468_FGFR2,Variant
rs1219648_FGFR2,Variant
rs12212067_FOXO3,Variant
rs12218_MKNK1,Variant
rs12360861_CD6,Variant
rs12377632_TLR4,Variant
rs12434438_HIF,Variant
rs12443621_TNRC9,Variant
rs125487_XRCC,Variant
rs1256049_ESR2,Variant
rs12569998_PTEN,Variant
rs12587_KRAS,Variant
rs12593359_RAD51,Variant
rs12615793_ACYP2,Variant
rs12762549_ABCC2,Variant
rs12881815_ESR2,Variant
rs12946397_RAD51C,Variant
rs12947788_TP53,Variant
rs13035764_NCOA1,Variant
rs13058338_RAC2,Variant
rs13069780_CIP2A,Variant
rs13078881_BTD,Variant
rs13099184_ATR,Variant
rs13104811_AREG,Variant
rs13181_ERCC2,Variant
rs13181_XPD,Variant
rs13334970_SRL,Variant
rs13515_MAPK1,Variant
rs1380576_MDM4,Variant
rs143711342_NR3C1,Variant
rs149738_SLC22A14,Variant
rs1520220_IGF1,Variant
rs1531289_VEGFR,Variant
rs1570360_VEGFA,Variant
rs1615111_AREG,Variant
rs161826_TNFRSF9,Variant
rs1633445_DGCR8,Variant
rs16861979_TAZ,Variant
rs16861985_TAZ,Variant
rs16944918_BLM,Variant
rs16944_IL1,Variant
rs16947383_IRE1,Variant
rs1695_ABCC1,Variant
rs1695_GSTP1,Variant
rs17032283_FANCD2,Variant
rs17036508_MTOR,Variant
rs171140_ERCC2,Variant
rs171248_SLC22A14,Variant
rs17217772_MSH2,Variant
rs17468277_CASP8,Variant
rs175080_MLH3,Variant
rs17567_EPS15,Variant
rs17626553_VEGFR,Variant
rs17655_ERCC2,Variant
rs17655_ERCC5,Variant
rs17655_XPG,Variant
rs17776182_INHBA,Variant
rs17822931_ABCC11,Variant
rs17824933_CD6,Variant
rs17849781_TP53,Variant
rs17851045_KRAS,Variant
rs17868320_UGT1A9,Variant
rs17878362_TP53,Variant
rs17884306_TP53,Variant
rs1792689_SMAD2,Variant
rs1799752_ACE,Variant
rs1799782_XRCC,Variant
rs1799793_ERCC2,Variant
rs1799794_XRCC3,Variant
rs1799949_BRCA1,Variant
rs1799950_BRCA1,Variant
rs1799965_BRCA1,Variant
rs1799966_BRCA1,Variant
rs1799969_ICAM,Variant
rs1799977_MLH1,Variant
rs1799983_NOS3,Variant
rs1799988_CCR5,Variant
rs1800057_ATM,Variant
rs1800469_TGF,Variant
rs1800469_TGF1,Variant
rs1800469_TGFB1,Variant
rs1800470_TGF1,Variant
rs1800470_TGFB1,Variant
rs1800566_NQO1,Variant
rs1800629_TNF,Variant
rs1800734_MLH1,Variant
rs1800795_IL6,Variant
rs1800796_IL6,Variant
rs1800812_PDGFR,Variant
rs1800812_PDGFRA,Variant
rs1801131_MTHFR,Variant
rs1801132_ESR1,Variant
rs1801157_CXCL12,Variant
rs1801253_ADRB1,Variant
rs1801265_DPYD,Variant
rs1801270_CDKN1A1,Variant
rs1801270_TP53,Variant
rs1801274_FCGR2A,Variant
rs1801274_KRAS,Variant
rs180127_FCGR2A,Variant
rs1801320_RAD51,Variant
rs1801321_RAD51,Variant
rs1801394_MTR,Variant
rs1801516_ATM,Variant
rs1804645_SRC,Variant
rs1805087_MTR,Variant
rs1805321_PMS2,Variant
rs1805363_MRE11A,Variant
rs1805794_NBS1,Variant
rs181088346_TSC2,Variant
rs183574_SLC22A14,Variant
rs1862513_RETN,Variant
rs1864183_ATG10,Variant
rs1867277_FOXE1,Variant
rs1867351_SLC22A1,Variant
rs1870377_KDR,Variant
rs1870377_VEGFR,Variant
rs1870377_VEGFR2,Variant
rs187084_TLR9,Variant
rs1883965_MTOR,Variant
rs1884444_IL23R,Variant
rs189037_ATM,Variant
rs1902023_UGTB15,Variant
rs1904589_NODAL,Variant
rs190708267_MIR,Variant
rs1933437_FLT3,Variant
rs1946518_IL,Variant
rs1951242_IL8,Variant
rs1951795_HIF,Variant
rs1960669_FGF2,Variant
rs1966265_FGFR4,Variant
rs1979277_SHMT,Variant
rs1982073_TGFBETA1,Variant
rs199476092_PTCH1,Variant
rs199890497_NRDE2,Variant
rs2008691_CYP19A1,Variant
rs2010963_VEGF,Variant
rs2016347_IGF,Variant
rs2016347_IGF1R,Variant
rs202111971_PTCH1,Variant
rs202247756_SUFU,Variant
rs2032582_ABCB1,Variant
rs2043550_TAZ,Variant
rs2046210_ESR1,Variant
rs2057482_HIF,Variant
rs2059520_HMSH2,Variant
rs2069837_IL6,Variant
rs2070096_BARD1,Variant
rs2070744_NOS3,Variant
rs2070960_MIR3620,Variant
rs2071559_KDR,Variant
rs2071559_VEGFR2,Variant
rs2072454_EGFR,Variant
rs2073337_ABCC2,Variant
rs2073438_ALOX12,Variant
rs2073618_OPG,Variant
rs2074087_ABCC1,Variant
rs2075606_STK11,Variant
rs2075786_TERT,Variant
rs2077647_ESR1,Variant
rs207764_ESR1,Variant
rs2089565_XRCC4,Variant
rs2110385_VISFATIN,Variant
rs2221903_IL21,Variant
rs2227311_RB1,Variant
rs2227543_IL8,Variant
rs2227983_EGFR,Variant
rs2228001_XPC,Variant
rs2228230_PDGFRA,Variant
rs2228480_ESR1,Variant
rs2229046_ERBB3,Variant
rs2229177_CD5,Variant
rs2229571_BARD1,Variant
rs2229765_IGF1R,Variant
rs2231137_ABCG2,Variant
rs2231142_ABCG2,Variant
rs2231142_ALDH3A1,Variant
rs2233025_REV3,Variant
rs2233335_NDRG1,Variant
rs2234693_ESR1,Variant
rs2236416_MMP9,Variant
rs2236722_CYP19A1,Variant
rs2237432_INHBA,Variant
rs2239815_XBP1,Variant
rs2241002_CD5,Variant
rs2241716_TGF,Variant
rs2242652_TERT,Variant
rs2257212_SLC15A2,Variant
rs2267853_MST1,Variant
rs2268753_ACVR2B,Variant
rs2273697_ABCC2,Variant
rs2274472_JAK2,Variant
rs2274755_MMP9,Variant
rs2279345_CYB2B6,Variant
rs2279744_MDM2,Variant
rs2280059_HSPH1,Variant
rs2280789_CCL5,Variant
rs228590_ATM,Variant
rs2286455_CD133,Variant
rs2292832_MIR149,Variant
rs22928814_STK11,Variant
rs2293607_TERC,Variant
rs2295079_MTOR,Variant
rs2295080_MTOR,Variant
rs2296972_HTR2A,Variant
rs2297595_DPYD,Variant
rs2301113_HIF,Variant
rs2303425_MSH2,Variant
rs2303426_MSH2,Variant
rs2303428_HMSH2,Variant
rs2303428_MSH2,Variant
rs230493_NF,Variant
rs230493_NFKB1,Variant
rs2305945_VEGFR,Variant
rs2305948_KDR,Variant
rs2305948_VEGFR,Variant
rs2305948_VEGFR2,Variant
rs2306283_SLCO1B1,Variant
rs2308040_RIZ1,Variant
rs2335052_GATA2,Variant
rs2336030_REV3,Variant
rs2347868_ESR1,Variant
rs23623251_RAD51,Variant
rs23642734_RAD51,Variant
rs2369049_TCL1A,Variant
rs2371494_IL23,Variant
rs240966_REV3,Variant
rs240969_REV3,Variant
rs243865_MMP2,Variant
rs2445365_ANGPT1,Variant
rs246221_MRP1,Variant
rs246395_PDGFR,Variant
rs246395_PDGFRB,Variant
rs2491231_FLT3,Variant
rs2494752_AKT1,Variant
rs2498801_AKT1,Variant
rs2498804_AKT1,Variant
rs2508740_EMSY,Variant
rs2513523_EMSY,Variant
rs251408_PI3KR1,Variant
rs2519757_TSC1,Variant
rs2536_MTOR,Variant
rs2541164_PPP2R4,Variant
rs25489_XRCC,Variant
rs25489_XRCC1,Variant
rs25648_VEGF,Variant
rs2607755_XPC,Variant
rs2622604_ABCG2,Variant
rs26279_MSH3,Variant
rs2661280_RGS5,Variant
rs266435_MIR4804,Variant
rs267607072_SMARCB1,Variant
rs2677760_PIK3CA,Variant
rs26865_MLST8,Variant
rs2699887_PIK3CA,Variant
rs2729835_LACTB,Variant
rs2736109_TERT,Variant
rs2736122_HTERT,Variant
rs2740574_CYP3A4,Variant
rs2745557_PTGS2,Variant
rs28362491_NFB94,Variant
rs2853676_TERT,Variant
rs2853677_HTERT,Variant
rs2886162_NRF2,Variant
rs28934874_TP53,Variant
rs2981460_FGFR2,Variant
rs2981582_FGFR2,Variant
rs3003955_FLT3,Variant
rs3007716_LEFTY2,Variant
rs3020221_ANGPT2,Variant
rs3025039_VEGFA,Variant
rs307821_VEGFR,Variant
rs307826_VEGFR,Variant
rs308379_FGF2,Variant
rs308447_FGF2,Variant
rs3087978_SNHG5,Variant
rs3130_CD133,Variant
rs3136038_ERCC4,Variant
rs3136130_ERCC4,Variant
rs3136228_MSH6,Variant
rs3136797_POLB,Variant
rs3160_MLST8,Variant
rs3200401_MALAT1,Variant
rs3206652_CD47,Variant
rs3211371_CYP2B6,Variant
rs3212227_IL12B,Variant
rs3212986_ERCC1,Variant
rs3218536_XRCC2,Variant
rs3218573_REV3,Variant
rs32952_MSH3,Variant
rs34197572_KEAP1,Variant
rs34231037_KDR,Variant
rs34317102_LACTB,Variant
rs34489327_DPYD,Variant
rs34743033_TYMS,Variant
rs351855_FGFR4,Variant
rs352140_TLR9,Variant
rs35271455_CD166,Variant
rs35363135_RPS6KB2,Variant
rs35467079_ABCC3,Variant
rs35569394_VEGF,Variant
rs35597368_PDGFR,Variant
rs35597368_PDGFRA,Variant
rs35599367_CYP3A4,Variant
rs35652124_KEAP1,Variant
rs35770269_MIR449C,Variant
rs35834266_MIR3161,Variant
rs36053993_MUTYH,Variant
rs36084323_PDCD,Variant
rs363169_NAE1,Variant
rs363170_NAE1,Variant
rs363172_NAE1,Variant
rs363717_ABCA1,Variant
rs369703243_XRCC3,Variant
rs372883_BACH1,Variant
rs3730050_AKT2,Variant
rs3732183_MSH2,Variant
rs3735343_ETV1,Variant
rs3735422_PPP1R17,Variant
rs373759_ATM,Variant
rs3739391_ANGPT2,Variant
rs3740066_ABCC2,Variant
rs3751397_FLT1,Variant
rs3751591_CYP19A1,Variant
rs3757_DGCR8,Variant
rs376491654_MIR,Variant
rs3766920_SHC1,Variant
rs3779941_NDRG1,Variant
rs3802251_NDRG1,Variant
rs3802278_SULF1,Variant
rs3803304_AKT1,Variant
rs3803662_TNRC9,Variant
rs3803662_TOX3,Variant
rs3806317_MTOR,Variant
rs3808599_NDRG1,Variant
rs3812863_CDX2,Variant
rs3812908_SCAPER,Variant
rs3814177_TET1,Variant
rs3814711_EMSY,Variant
rs3817198_LSP1,Variant
rs3820282_WNT4,Variant
rs3821985_TLR6,Variant
rs3822625_MAP3K1,Variant
rs3830355_PDGFRA,Variant
rs3856806_PPARG,Variant
rs3864017_FANCD2,Variant
rs3869550_STAT3,Variant
rs387906811_SMARCB1,Variant
rs387906812_SMARCB1,Variant
rs3892097_CYP2D6,Variant
rs3918290_DPYD,Variant
rs396991_FCGR3A,Variant
rs401681_CLPTM1L,Variant
rs4073_IL8,Variant
rs4140979_FSHR,Variant
rs4148323_UGT1A1,Variant
rs4148350_MRP1,Variant
rs4148551_ABCC4,Variant
rs4149056_SLCO1B1,Variant
rs4149963_EXO1,Variant
rs4244285_CYP2C19,Variant
rs4245443_EMSY,Variant
rs4245739_MDM4,Variant
rs4300410_EMSY,Variant
rs4444903_EGF,Variant
rs444903_EGF,Variant
rs4485435_FASN,Variant
rs45545343_SIRPB1,Variant
rs456865_REV7,Variant
rs4604006_VEGF,Variant
rs4615861_SNHG3,Variant
rs462779_REV3L,Variant
rs4646903_CYP1A1,Variant
rs4646994_ACE,Variant
rs4646_CYP19A1,Variant
rs465646_REV3,Variant
rs4680_COMT,Variant
rs4703533_ATG10,Variant
rs4730153_VISFATIN,Variant
rs4737264_XKR4,Variant
rs4759314_HOTAIR,Variant
rs478472_NAV1,Variant
rs4793665_ABCC3,Variant
rs4796120_CCL5,Variant
rs4796793_STAT3,Variant
rs4802101_CYP2B6,Variant
rs4808272_BRD4,Variant
rs4810446_MST1,Variant
rs4837960_PTGS1,Variant
rs4864950_KDR,Variant
rs4917623_CYP2C19,Variant
rs4919510_MIR,Variant
rs4939378_MS4A12,Variant
rs4945880_REV3,Variant
rs4952887_HMSH2,Variant
rs4973768_SLC4A7,Variant
rs4975605_TERT,Variant
rs4975616_TERT,Variant
rs4986791_TLR4,Variant
rs4986910_CYP3A4,Variant
rs4986938_ESR2,Variant
rs4987188_MSH2,Variant
rs4994_ADRB3,Variant
rs5030743_RRM2,Variant
rs50871_ERCC2,Variant
rs5186_AGTR1,Variant
rs5277_COX2,Variant
rs543072564_XRCC3,Variant
rs5443_GNB3,Variant
rs5498_ICAM,Variant
rs5522_NR3C2,Variant
rs55712339_PDGFRB,Variant
rs55856815_FANCD2,Variant
rs55886062_DPYD,Variant
rs56149945_NR3C1,Variant
rs5742933_PMS1,Variant
rs5743810_TLR6,Variant
rs5743836_TLR9,Variant
rs5745325_MSH4,Variant
rs5754216_UBE2L3,Variant
rs579565_CD166,Variant
rs58225473_CACNB2,Variant
rs58722976_POT1,Variant
rs5955820_SH3KBP1,Variant
rs5999521_ERK2,Variant
rs60271534_CYP19A1,Variant
rs604737_SGIP1,Variant
rs6053666_SRXN1,Variant
rs6073627_MST1,Variant
rs609429_ATM,Variant
rs610308_GADD34,Variant
rs61330082_NAMPT,Variant
rs61330082_VISFATIN,Variant
rs6136_SELP,Variant
rs6151627_MSH3,Variant
rs6151670_MSH3,Variant
rs61722009_NOS3,Variant
rs61759375_PGF,Variant
rs61764370_KRAS,Variant
rs620815_ATM,Variant
rs6220_ANG,Variant
rs62626347_ERBB4,Variant
rs62626348_ERBB4,Variant
rs6265_BDNF,Variant
rs63749993_MSH2,Variant
rs639225_TEK,Variant
rs6413432_CYP2E1,Variant
rs6437585_CD166,Variant
rs6499255_NQO1,Variant
rs6503691_STAT5B,Variant
rs6504950_COX11,Variant
rs6544991_MSH2,Variant
rs6570808_SGIP1,Variant
rs664143_ATM,Variant
rs664393_VEGF,Variant
rs664677_ATM,Variant
rs66916453_RICTOR,Variant
rs6714486_UGT1A9,Variant
rs671_ALDH2,Variant
rs6721961_KEAP1,Variant
rs6721961_NRF2,Variant
rs6731022_PERK,Variant
rs67376798_DPYD,Variant
rs683369_SLC22A1,Variant
rs6877011_VEGFR,Variant
rs6905370_ESR1,Variant
rs6928_ERK2,Variant
rs6958683_EZH2,Variant
rs6979_ACD,Variant
rs6983267_CCAT2,Variant
rs69947_VEGFA,Variant
rs699947_VEGF,Variant
rs699947_VEGFA,Variant
rs699_AGT,Variant
rs700519_CYP19A1,Variant
rs701848_PTEN,Variant
rs702689_MAP3K1,Variant
rs7051590_SH3KBP1,Variant
rs706716_PI3KR1,Variant
rs707939_MSH5,Variant
rs7084454_MLLT10,Variant
rs7090328_ALOX5,Variant
rs7121_GNAS,Variant
rs7158782_TCL1A,Variant
rs7159713_TCL1A,Variant
rs7161377_BATF,Variant
rs720014_DGCR8,Variant
rs7201_MMP2,Variant
rs7211777_STAT3,Variant
rs7212142_RAPTOR,Variant
rs72551330_UGT1A9,Variant
rs7308_EPS15,Variant
rs7311975_MIR1178,Variant
rs7317471_LATS2,Variant
rs735482_ERCC1,Variant
rs743572_CYP17A1,Variant
rs744166_STAT3,Variant
rs746152510_MUC16,Variant
rs7486100_TBK1,Variant
rs749292_CYP19A1,Variant
rs7501477_TIMP2,Variant
rs7526812_SGIP1,Variant
rs754254000_MUC16,Variant
rs754856910_MUC16,Variant
rs755634302_MIR,Variant
rs7623023_SLC25A20,Variant
rs7630434_TAZ,Variant
rs7637888_FANCD2,Variant
rs765080766_CHEK2,Variant
rs769217_CAT,Variant
rs7709909_MSH3,Variant
rs7716492_CXCL14,Variant
rs773123_ERBB3,Variant
rs7732671_PPARGC1B,Variant
rs7737692_LPCAT1,Variant
rs7761731_CYP39A1,Variant
rs776746_CYP3A5,Variant
rs779805_VHL,Variant
rs78245253_GATA2,Variant
rs78378222_TP53,Variant
rs78564187_MAPK3,Variant
rs786204926_PTEN,Variant
rs7905939_CYP26A1,Variant
rs7907606_OBFC1,Variant
rs79083467_CLSPN,Variant
rs7910927_JMJD1C,Variant
rs7993418_VEGFR1,Variant
rs799917_BRCA1,Variant
rs8000288_VEGFR,Variant
rs8000_MST1,Variant
rs8023580_NR2F2,Variant
rs80359490_BRCA2,Variant
rs80359604_BRCA2,Variant
rs8051542_TOX3,Variant
rs805304_MSH5,Variant
rs8060157_ZNF423,Variant
rs8100018_AKT2,Variant
rs8105767_ZNF208,Variant
rs8113472_KEAP1,Variant
rs8176318_BRCA1,Variant
rs827421_ESR1,Variant
rs832567_MAP3K1,Variant
rs833061_VEGF,Variant
rs833061_VEGFA,Variant
rs843720_ACYP2,Variant
rs851998_ESR1,Variant
rs8602_MKNK1,Variant
rs861539_XRCC3,Variant
rs8720_KRAS,Variant
rs889312_MAP3K1,Variant
rs895364_UBE2M,Variant
rs895374_UBCH7,Variant
rs895374_UBE2M,Variant
rs9340799_ESR1,Variant
rs9340835_ESR1,Variant
rs9344_CCND1,Variant
rs937282_MDM2,Variant
rs937283_MDM2,Variant
rs944289_NKX2,Variant
rs9509492_LATS2,Variant
rs9513070_FLT1,Variant
rs9554314_FLT1,Variant
rs957971_STAT3,Variant
rs9582036_VEGFR1,Variant
rs965513_FOXE1,Variant
rs9676881_KEAP1,Variant
rs9687226_MAP3K1,Variant
rs9809061_FANCD2,Variant
rs981782_HCN1,Variant
rs9906827_RAPTOR,Variant
rs9940645_ZNF423,Variant
rs9951465_FLT1,Variant
rs9996584_AREG,Variant
s104r_ALK,Variant
s1088f_FANCA,Variant
s1151l_ERBB2,Variant
s119n_SPOP,Variant
s1206c_ALK,Variant
s1206y_ALK,Variant
s127a_YAP,Variant
s127a_YAP1,Variant
s127f_TP53,Variant
s1289a_ERBB4,Variant
s130a_FGF1,Variant
s130d_FGF1,Variant
s133a_CREB1,Variant
s139a_BRIP1,Variant
s1415fs*4_BRCA2,Variant
s143vfs*3_KMT2C,Variant
s1597p_ADAMTS20,Variant
s1634g_BRCA1,Variant
s164*_NRF2,Variant
s167y_NTRK2,Variant
s1701_PTEN,Variant
s171e_HPK1,Variant
s1722f_BRCA1,Variant
s1722yfs*4_BRCA2,Variant
s1722yfs*_BRCA2,Variant
s183d_ISX,Variant
s1841r_BRCA1,Variant
s184l_MAP2K4,Variant
s185g_TP53,Variant
s1986f_ROS1,Variant
s1986y_ROS1,Variant
s2035t_MTOR,Variant
s207l_RAD51D,Variant
s20d_TP53,Variant
s213l_DAXX,Variant
s213r_PRKACA,Variant
s2148fs_BRCA2,Variant
s214c_ARAF,Variant
s215l_GSK3,Variant
s215r_RAP1GAP,Variant
s216f_STK11,Variant
s2215l2216delinsf_MTOR,Variant
s2215y_MTOR,Variant
s228p_BTLA,Variant
s229f_TP53,Variant
s240g_TP53,Variant
s241c_TP53,Variant
s241f_TP53,Variant
s241t_TP53,Variant
s248l_ULK1,Variant
s249c_FGFR,Variant
s249c_FGFR2,Variant
s249c_FGFR3,Variant
s24f_KNSTRN,Variant
s252w_FGFR2,Variant
s252x_TP53I3,Variant
s259_CRAF,Variant
s2687cfs*5_NF1,Variant
s280a_DKC1,Variant
s280f_ERBB2,Variant
s2835*_BRCA2,Variant
s2835l_BRCA2,Variant
s283c_IRF8,Variant
s296_ATR,Variant
s297f_POLE,Variant
s301f_ERBB2,Variant
s303f_ERBB4,Variant
s310f_ERBB2,Variant
s310y_ERBB2,Variant
s31r_CDKN1A,Variant
s320_POT1,Variant
s325g_MET,Variant
s335c_ERBB2,Variant
s33c_CTNNB1,Variant
s33f_CTNNB1,Variant
s33p_CTNNB1,Variant
s33y_CTNNB1,Variant
s341l_ESR1,Variant
s342f_SMO,Variant
s347a_AMPK1,Variant
s34f_U2AF1,Variant
s351y_CCDC6,Variant
s361*_BRCA1,Variant
s365l_BRAF,Variant
s37c_CTNNB1,Variant
s37f_CTNNB1,Variant
s37p_CTNNB1,Variant
s405x_BRCA1,Variant
s406a_ATP7B,Variant
s408afs*99_GATA3,Variant
s408c_FGFR3,Variant
s408f_FGFR3,Variant
s408l_FGFR3,Variant
s408l_SDHA,Variant
s408y_FGFR3,Variant
s418g_C1ORF170,Variant
s428f_CHEK2,Variant
s428p_CHEK2,Variant
s432l_ESR1,Variant
s436p_ESR1,Variant
s439n_CBL,Variant
s447p_POLQ,Variant
s449y_ERBB4,Variant
s451lfs*20_BRCA1,Variant
s459f_POLE,Variant
s45_CTNNB1,Variant
s45c_CTNNB1,Variant
s45del_CTNNB1,Variant
s45f_CTNNB1,Variant
s45n_CTNNB1,Variant
s45p_CTNNB1,Variant
s45y_CTNNB1,Variant
s463p_ESR1,Variant
s463r_ESR1,Variant
s464_ESR1,Variant
s464l_EGFR,Variant
s467l_BRAF,Variant
s468r_EGFR,Variant
s46c_RAD51D,Variant
s46i_PMS2,Variant
s473d_AKT,Variant
s474e_PAK4,Variant
s478n_POLD1,Variant
s47_TP53,Variant
s48*_SDHC,Variant
s492r_EGFR,Variant
s4n_WHSC1,Variant
s505n_MPL,Variant
s568c_FGFR2,Variant
s577s_MLH1,Variant
s57c_TOP1,Variant
s598l_PTEN,Variant
s602t_BRAF,Variant
s60l_TP53,Variant
s645c_EGFR,Variant
s64l_PALB2,Variant
s668t_IRS1,Variant
s670a_GRK2,Variant
s692fs_KIT,Variant
s696l_RET,Variant
s69e_BIM,Variant
s69g_BIM,Variant
s6a_UQCRFS1,Variant
s701f_NTRAK1,Variant
s702l_FGFR2,Variant
s702rfs*80_MLH1,Variant
s703i_JAK1,Variant
s707f_PLCG2,Variant
s707p_ATM,Variant
s709f_KIT,Variant
s71fs_SOCS1,Variant
s74c_RRAGC,Variant
s752y_EGFR,Variant
s768770dupsvd_EGFR,Variant
s768d770dup_EGFR,Variant
s768dupsvd_EGFR,Variant
s768i_EGFR,Variant
s768insvgh_EGFR,Variant
s768l_EGFR,Variant
s768t_EGFR,Variant
s768v769delinsil_EGFR,Variant
s774g_ERBB4,Variant
s774n_ERBB4,Variant
s784f_EGFR,Variant
s786i_EGFR,Variant
s811c_EGFR,Variant
s815l_PMS2,Variant
s855i_ERBB2,Variant
s889g_AR,Variant
s891a_RET,Variant
s891l_RET,Variant
s894a_ABCB1,Variant
s904f_RET,Variant
s90fs_TP53,Variant
s963p_ERBB2,Variant
s99g_ATM,Variant
ser119_PDCD5,Variant
ser1253argfs*10_BRCA1,Variant
ser1315ter_APC,Variant
ser1404ter_BRCA2,Variant
ser1487iiefster5_DICER1,Variant
ser15_TP53,Variant
ser1637*_DICER1,Variant
ser187tyr190del_IL6ST,Variant
ser1982argfs_BRCA2,Variant
ser20_TP53,Variant
ser341_ESR1,Variant
ser729_BRAF,Variant
sff416fs_IRF8,Variant
sfm_TRK,Variant
shp2e76k_PTPN11,Variant
shrna_PTEN,Variant
snp309_MDM2,Variant
strnalk_ALK,Variant
t1010i_MET,Variant
t1022i_JAK3,Variant
t1025s_PIK3CA,Variant
t1025t_PIK3CA,Variant
t1030i_PALB2,Variant
t1035a_PIK3CA,Variant
t1150a_NSD2,Variant
t1151fs*24_SPTA1,Variant
t1151ins_ALK,Variant
t1151k_ALK,Variant
t1151m_ALK,Variant
t115a_POFUT1,Variant
t1219i_MSH6,Variant
t1237c_TLR9,Variant
t123wfs*12_TP53,Variant
t130t_EGFR,Variant
t1399i_BRCA1,Variant
t141a_NEK1,Variant
t141i_ABRAXAS,Variant
t1486c_TLR9,Variant
t165e_HPK1,Variant
t166m_ERBB2,Variant
t1799a_BRAF,Variant
t17a_NRAS,Variant
t1860a_BRAF,Variant
t19007c_ERCC1,Variant
t1977r_MTOR,Variant
t207a_BRCA2,Variant
t211i_TP53,Variant
t236_S1P1,Variant
t236a_S1P1,Variant
t241m_XRCC3,Variant
t256r_TACSTD2,Variant
t263p_EGFR,Variant
t266m_BRIP1,Variant
t26a_SOX2,Variant
t273h_TP53,Variant
t278m_POLE,Variant
t280m_CX3CR1,Variant
t302h_EGFR,Variant
t3085fs*26_BRCA2,Variant
t310i_BRAF,Variant
t311m_ESR1,Variant
t315i_ABL,Variant
t315i_ABL1,Variant
t315i_BCR,Variant
t315i_ETV6,Variant
t316a_BTK,Variant
t320s_MSH2,Variant
t321fs_PTEN,Variant
t323a_POLE,Variant
t341i_SRC,Variant
t347t_ESR1,Variant
t354k_EGFR,Variant
t355i_ERBB3,Variant
t363n_EGFR,Variant
t367fs*_CHEK2,Variant
t367fs_CHEK2,Variant
t369i_PIK3R1,Variant
t376fs_CHEK2,Variant
t393c_GNAS,Variant
t399i_TLR4,Variant
t416d_EZH2,Variant
t41a_CTNNB1,Variant
t430s_EGFR,Variant
t452m_SMPDL3B,Variant
t458i_MMP2,Variant
t462a_CCDC6,Variant
t467fs_EZH2,Variant
t474_BTK,Variant
t474i_BTK,Variant
t474l_BTK,Variant
t484a_ERCC2,Variant
t485k_PMS2,Variant
t50i_KRAS,Variant
t537s_ESR1,Variant
t566p_HIPK2,Variant
t570i_ESR1,Variant
t582p_BRCA2,Variant
t58_RAS,Variant
t58a_MYC,Variant
t599dup_BRAF,Variant
t599i_BRAF,Variant
t599v600inst_BRAF,Variant
t618i_CSF3R,Variant
t652m_ERBB2,Variant
t666i_EPHA7,Variant
t670_KIT,Variant
t670i_KIT,Variant
t681a_PDGFRB,Variant
t681f_PDGFRB,Variant
t681i_DDR2,Variant
t681i_PDGFRB,Variant
t681m_PDGFRB,Variant
t709p_ERCC2,Variant
t719r_BARD1,Variant
t725m_EGFR,Variant
t74p_KRAS,Variant
t766m_EGFR,Variant
t771k_KDR,Variant
t771r_KDR,Variant
t787a_AR,Variant
t790_EGFR,Variant
t790i_EGFR,Variant
t790l_EGFR,Variant
t790m_EGFR,Variant
t790mc797s_EGFR,Variant
t790s_EGFR,Variant
t790wildtype_EGFR,Variant
t798i_ERBB2,Variant
t798m_ERBB2,Variant
t807l_FGFR2,Variant
t80k_NFE2L2,Variant
t815m_JAK3,Variant
t8195g_BRCA2,Variant
t82a_MLH1,Variant
t847a_EGFR,Variant
t854a_EGFR,Variant
t862a_ERBB2,Variant
t862s_ERBB2,Variant
t869c_TGFBETA1,Variant
t877a_AR,Variant
t877s_AR,Variant
t878a_AR,Variant
t878g_AR,Variant
t878s_AR,Variant
t89n_RRAGC,Variant
t910a_PARP1,Variant
t930k_RET,Variant
t930p_RET,Variant
t934m_MSH2,Variant
t940a_EGFR,Variant
t942i_MLH3,Variant
t97s_EIF2A,Variant
tacc3_FGFR3,Variant
tdsd_AKT1,Variant
ter394aspfs*28_TP53,Variant
thr367argfs_CHEK2,Variant
thr367metfs*15_CHEK2,Variant
thr81asnfs*42_TP53,Variant
thr997argfster61_BRIP1,Variant
tkd_FLT3,Variant
trp103*_TSC1,Variant
trp2638*_ATM,Variant
trp559arg560del_PDGFRA,Variant
trp722ter_NBN,Variant
tyr1068_EGFR,Variant
tyr1173_EGFR,Variant
tyr1316fs_PTCH1,Variant
tyr1666terfs_BRCA1,Variant
tyr186tyr190del_IL6ST,Variant
tyr2208fs_ATRX,Variant
tyr2215thrfs14_BRCA2,Variant
tyr542_PTPN11,Variant
tyr705_STAT3,Variant
tyr750*_MLH1,Variant
tyr751_PDGFR,Variant
tyr772ala775dup_ERBB2,Variant
ugt1a1*28_UGT1A1,Variant
unknown_MLL,Variant
v1001f1007del_MET,Variant
v1002a_MET,Variant
v104l_ERBB3,Variant
v104m_ERBB3,Variant
v1067e_TSC2,Variant
v109g_CDKN1B,Variant
v109g_P27KIP1,Variant
v1180l_ALK,Variant
v1234fs_BRCA1,Variant
v123lfs*39_GPRC5A,Variant
v1255a_ERBB2,Variant
v12_KRAS,Variant
v12_RAC1,Variant
v12_RAS,Variant
v12d_KRAS,Variant
v1368m_POLE,Variant
v143a_TP53,Variant
v147gfs*2_TP53,Variant
v14i_KRAS,Variant
v14l_KRAS,Variant
v14m_KRAS,Variant
v156d_BCL,Variant
v157_TP53,Variant
v157f_TP53,Variant
v158f_FCGR3A,Variant
v172f_TP53,Variant
v173g_TP53,Variant
v173m_TP53,Variant
v1754l_NOTCH1,Variant
v1804kfs_BRCA2,Variant
v197e_TP53,Variant
v2109i_BRCA2,Variant
v211d_MEK1,Variant
v219m_NF2,Variant
v224m_CBR3,Variant
v2424g_ATM,Variant
v2439g_ATM,Variant
v2466a_BRCA2,Variant
v249i_CX3CR1,Variant
v2511i_NF1,Variant
v2716a_ATM,Variant
v272g_ERBB2,Variant
v272l_TP53,Variant
v274r_TP53,Variant
v275fs*1_PTEN,Variant
v289m_AXL,Variant
v291l292del_AIP,Variant
v32e_NFE2L2,Variant
v333i_EYA2,Variant
v344g_PIK3CA,Variant
v344m_PI3KCA,Variant
v355i_ESR1,Variant
v37m_ETV6,Variant
v382i_ESR1,Variant
v384d_MLH1,Variant
v392f_ESR1,Variant
v392i_ESR1,Variant
v396i_FGFR1,Variant
v3_EML4,Variant
v411l_POLE,Variant
v416l_BTK,Variant
v422del_ESR1,Variant
v43m_SLC7A7,Variant
v483m_PTPRH,Variant
v492m_FGFR1,Variant
v507m_BARD1,Variant
v524e_ESR1,Variant
v530i_KIT,Variant
v534e_ESR1,Variant
v541i_LTK,Variant
v548e_BRAF,Variant
v550e_FGFR4,Variant
v550l_FGFR4,Variant
v553m_FGFR3,Variant
v555l_FGFR2,Variant
v555l_FGFR3,Variant
v555m_FGFR3,Variant
v557l_FGFR3,Variant
v557m_FGFR3,Variant
v558_KIT,Variant
v558a_KIT,Variant
v558del_KIT,Variant
v559_KIT,Variant
v559a_KIT,Variant
v559d_KIT,Variant
v559n566delinsd_KIT,Variant
v560d_KIT,Variant
v560e_ESR1,Variant
v560g_KIT,Variant
v561d_PDGFRA,Variant
v561m_FGFR1,Variant
v564a_KIT,Variant
v564f_FGFR2,Variant
v564i_FGFR2,Variant
v564l_FGFR2,Variant
v565f_FGFR3,Variant
v565i_FGFR2,Variant
v565i_FGFR3,Variant
v567es_AR,Variant
v569g_KIT,Variant
v573_NTRK1,Variant
v582e_DDR2,Variant
v592m_FGFR1,Variant
v595e_BRAF,Variant
v596e_BRAF,Variant
v599e_BRAF,Variant
v600_BRAF,Variant
v600braf_BRAF,Variant
v600d_BRAF,Variant
v600e2_BRAF,Variant
v600e_BRAF,Variant
v600e_EGFR,Variant
v600e_KIT,Variant
v600e_KRAS,Variant
v600e_NRAS,Variant
v600f_BRAF,Variant
v600g_BRAF,Variant
v600k601delinse_BRAF,Variant
v600k_BRAF,Variant
v600l_BRAF,Variant
v600m_BRAF,Variant
v600r_BRAF,Variant
v600v_BRAF,Variant
v600wt_BRAF,Variant
v600x_BRAF,Variant
v606i_MSH2,Variant
v617_JAK2,Variant
v617f_JAK2,Variant
v617w_JAK2,Variant
v618e_BRAF,Variant
v637e_BRAF,Variant
v63i_MOSPD1,Variant
v653a_KIT,Variant
v654_KIT,Variant
v654a_KIT,Variant
v655i_ERBB2,Variant
v659d_ERBB2,Variant
v659e_ERBB2,Variant
v660e_BRAF,Variant
v660l_PGR,Variant
v660r_BRAF,Variant
v664f_ERBB2,Variant
v66m_BDNF,Variant
v684i_FGFR3,Variant
v689i_EGFR,Variant
v689l_EGFR,Variant
v697f_WRN,Variant
v697l_ERBB2,Variant
v701f_SF3B1,Variant
v716m_AR,Variant
v718l_JAK3,Variant
v721i_ERBB4,Variant
v722i_JAK3,Variant
v728a_RET,Variant
v738a_RET,Variant
v738l_EXO1,Variant
v73fs*76_TP53,Variant
v742a_EGFR,Variant
v742i_EGFR,Variant
v742r_EGFR,Variant
v762a_PARP1,Variant
v769d770insasv_EGFR,Variant
v769d770inssfl_EGFR,Variant
v769insasv_EGFR,Variant
v769l_EGFR,Variant
v774m_EGFR,Variant
v777g778insgsp_ERBB2,Variant
v777l_ERBB2,Variant
v786m_EGFR,Variant
v7_AR,Variant
v802f_EGFR,Variant
v804_RET,Variant
v804e_RET,Variant
v804l_RET,Variant
v804m_RET,Variant
v804x_RET,Variant
v824v_PDGFRA,Variant
v831m_KIT,Variant
v834i_EGFR,Variant
v834l_EGFR,Variant
v840i_ERBB4,Variant
v842i_ERBB2,Variant
v843a_EGFR,Variant
v843i_EGFR,Variant
v851d_EGFR,Variant
v855a_ERBB3,Variant
v85m_BARD1,Variant
v871i_RET,Variant
v897a_EGFR,Variant
v948r_EGFR,Variant
v955g_PIK3CA,Variant
v955i_PIK3CA,Variant
val1234glnfs_BRCA1,Variant
val220fs_BRCA2,Variant
val220ilefs4_BRCA2,Variant
val463del_STAT3,Variant
val501trpfster94_PMS2,Variant
val612del_MLH1,Variant
val73argfsx76_TP53,Variant
val769asp770insmet_EGFR,Variant
ve_BRAF,Variant
viii_EGFR,Variant
vk600601e_BRAF,Variant
vus_BRCA2,Variant
w113c_EZH2,Variant
w1314*_NF1,Variant
w1348nfs*13_COL2A1,Variant
w165_PIK3R2,Variant
w1692fs*3_BRCA2,Variant
w1692mfsx3_BRCA2,Variant
w1712x_BRCA1,Variant
w218ter_SDHB,Variant
w219*_HNF1A,Variant
w290c_FGFR2,Variant
w2990_BRCA2,Variant
w2990x_BRCA2,Variant
w308c_STK11,Variant
w341c_CSF3R,Variant
w356c_CSF3R,Variant
w386l_PIK3CA,Variant
w39r_CYP19A1,Variant
w401c_TOP1,Variant
w452c_ERBB2,Variant
w4c_FGFR1,Variant
w505l_SLC17A6,Variant
w515l_MPL,Variant
w557g_KIT,Variant
w557k558del_KIT,Variant
w557lfsx5_KIT,Variant
w557r_KIT,Variant
w557v559delinsf_KIT,Variant
w624r_PIK3R1,Variant
w64r_ADRB3,Variant
w696_NF1,Variant
w731r_EGFR,Variant
w741c_AR,Variant
w741l_AR,Variant
w742c_AR,Variant
w742l_AR,Variant
w780r_PIK3CA,Variant
w791x_CSF3R,Variant
w88l_VHL,Variant
w89r_ALDH9A1,Variant
wk557558del_KIT,Variant
wt_BRAF,Variant
wt_IDH1,Variant
wt_KRAS,Variant
wt_TP53,Variant
y1003f_MET,Variant
y1003n_MET,Variant
y1003s_MET,Variant
y103*_TP53,Variant
y105c_FGFR2,Variant
y107h_TP53,Variant
y1101f_EGFR,Variant
y110f_EGFR,Variant
y111_EZH2,Variant
y111d_EZH2,Variant
y111h_EZH2,Variant
y111l_EZH2,Variant
y1150c_ERBB4,Variant
y1197_EGFR,Variant
y1230c_MET,Variant
y1230h_MET,Variant
y1230n_MET,Variant
y1230x_MET,Variant
y1248h_MET,Variant
y126_TP53,Variant
y1289_ERBB3,Variant
y1417ter_DICER1,Variant
y1442h_ATM,Variant
y1455f_CIC,Variant
y163c_TP53,Variant
y163n_TP53,Variant
y1650c_TSC2,Variant
y1655*_BRCA2,Variant
y177f_BCR,Variant
y180*_PTEN,Variant
y192h_GNA11,Variant
y195e_SMAD4,Variant
y195f_SMAD4,Variant
y195h_CD79B,Variant
y1974h_MTOR,Variant
y220c_TP53,Variant
y234c_TP53,Variant
y234h_TP53,Variant
y2424*_MGA,Variant
y2660*_BRCA2,Variant
y279c_PTPN11,Variant
y27c_PTEN,Variant
y301e_SMAD4,Variant
y301f_SMAD4,Variant
y322e_SMAD4,Variant
y322f_SMAD4,Variant
y327f_TP53,Variant
y328s329del_ESR1,Variant
y342_PTK6,Variant
y344f_HSD3B1,Variant
y373c_FGFR,Variant
y373c_FGFR2,Variant
y373c_FGFR3,Variant
y375c_FGFR2,Variant
y375c_FGFR3,Variant
y390c_CHEK2,Variant
y402f_PYK2,Variant
y4046*_PRKDC,Variant
y447_PTK6,Variant
y469h_ABL1,Variant
y49*_NF1,Variant
y503f504insay_KIT,Variant
y503s_IKZF1,Variant
y526c_ESR1,Variant
y537_ESR1,Variant
y537c_ESR1,Variant
y537d_ESR1,Variant
y537f_ESR1,Variant
y537n_ESR1,Variant
y537s_ESR1,Variant
y537ser_ESR1,Variant
y537x_ESR1,Variant
y548fs_MLH1,Variant
y550fs*1_NOTCH1,Variant
y558v590delinscafs*5_FAT4,Variant
y566n_FGFR2,Variant
y570l576del_KIT,Variant
y578h_KIT,Variant
y60_STK11,Variant
y634c_RET,Variant
y641c_EZH2,Variant
y641f_EZH2,Variant
y641h_EZH2,Variant
y641s_EZH2,Variant
y641x_EZH2,Variant
y646_EZH2,Variant
y646n_EZH2,Variant
y646x_EZH2,Variant
y64c_KRAS,Variant
y64d_KRAS,Variant
y64h_KRAS,Variant
y661d_EZH2,Variant
y661n_EZH2,Variant
y68c_PTEN,Variant
y705_STAT3,Variant
y732ter_SMARCA4,Variant
y73c_POFUT1,Variant
y73x_TP53,Variant
y757f_IL6ST,Variant
y766f_FGFR1,Variant
y772a755dup_ERBB2,Variant
y772a775dup_ERBB2,Variant
y772dupyvma_ERBB2,Variant
y779*_FGFR2,Variant
y791f_RET,Variant
y791n_RET,Variant
y806c_RET,Variant
y806n_RET,Variant
y821f_AXL,Variant
y823_KIT,Variant
y823d_KIT,Variant
y842c_FLT3,Variant
y842d_FLT3,Variant
y842f_FLT3,Variant
y87n_SPOP,Variant
y96c_KRAS,Variant
y96d_KRAS,Variant
yaps127a_YAP1,Variant
yvma_ERBB2,Variant
znf384_EP300,Variant
acral lentiginous melanoma,Cancer
acute myeloid leukemia,Cancer
adenoid cystic cancer,Cancer
adrenal cancer,Cancer
adrenocortical cancer,Cancer
alveolar rhabdomyosarcoma,Cancer
anaplastic ependymoma,Cancer
angiosarcoma,Cancer
astrocytoma,Cancer
basal cell cancer,Cancer
biliary tract cancer,Cancer
bladder cancer,Cancer
bladder urothelial cancer,Cancer
bone cancer,Cancer
breast cancer,Cancer
cervix cancer,Cancer
cholangiocarcinoma,Cancer
chondrosarcoma,Cancer
chordoma,Cancer
clear cell sarcoma,Cancer
colon cancer,Cancer
desmoid cancer,Cancer
endometrial adenocarcinoma,Cancer
endometrial cancer,Cancer
endometrial hyperplasia,Cancer
epithelioid sarcoma,Cancer
esophageal cancer,Cancer
ewing sarcoma,Cancer
extraskeletal myxoid chondrosarcoma,Cancer
gallbladder cancer,Cancer
ganglioglioma,Cancer
ganglioneuroblastoma,Cancer
gastric cancer,Cancer
gastrointestinal cancer,Cancer
glioblastoma,Cancer
glioma,Cancer
granulosa cell cancer,Cancer
head and neck cancer,Cancer
hemangiopericytoma,Cancer
hematologic cancer,Cancer
hepatoblastoma,Cancer
histiocytoma,Cancer
inflammatory myofibroblastic cancer,Cancer
intrahepatic cholangiocarcinoma,Cancer
kidney cancer,Cancer
laryngeal cancer,Cancer
leukemia,Cancer
liposarcoma,Cancer
liver cancer,Cancer
lung cancer,Cancer
lymphoblastic leukemia,Cancer
lymphoma,Cancer
medulloblastoma,Cancer
melanoma,Cancer
meningioma,Cancer
merkel cell cancer,Cancer
mesothelioma,Cancer
mucinous cancer,Cancer
mucosal melanoma,Cancer
myeloid cancer,Cancer
myeloproliferative neoplasm,Cancer
myofibroma,Cancer
neuroblastoma,Cancer
neuroendocrine cancer,Cancer
neurofibroma,Cancer
ocular melanoma,Cancer
oligodendroglioma,Cancer
oral squamous cell cancer,Cancer
osteosarcoma,Cancer
ovarian cancer,Cancer
pancreatic cancer,Cancer
papillary cancer,Cancer
paraganglioma,Cancer
peritoneal cancer,Cancer
pleomorphic xanthoastrocytoma,Cancer
prostate cancer,Cancer
pseudomyxoma peritonei,Cancer
renal cancer,Cancer
retinoblastoma,Cancer
rhabdoid cancer,Cancer
rhabdomyosarcoma,Cancer
salivary gland cancer,Cancer
sarcoma,Cancer
sinonasal undifferentiated cancer,Cancer
skin cancer,Cancer
spitzoid melanoma,Cancer
splenomegaly,Cancer
squamous cell cancer,Cancer
stomach cancer,Cancer
synovial sarcoma,Cancer
tenosynovial giant cell cancer,Cancer
thymic cancer,Cancer
thyroid cancer,Cancer
transitional cell cancer,Cancer
urothelial cancer,Cancer
uterine cancer,Cancer
uterine corpus endometrial cancer,Cancer
uveal melanoma,Cancer