name,synonyms
Acral lentiginous melanoma,"['ALM', 'Acral Lentiginous Melanoma', 'Malignant', 'Malignant Acral Lentiginous Melanoma', 'acral lentiginous malignant melanoma', 'acral lentiginous malignant melanoma of skin', 'acral lentiginous melanoma malignant', 'acral melanoma', 'palmar/plantar melanoma', 'subungual melanoma']"
Acute myeloid leukemia,"['AML', 'AML Acute Myeloid Leukemia', 'AML acute myeloid leukaemia', 'ANLL', 'Acute', 'Acute Myeloblastic Leukaemia', 'Acute Myeloblastic Leukemia', 'Acute Myelogenous Leukaemia', 'Acute Myelogenous Leukemia', 'Acute Myeloid Leukaemia', 'Leukemia', 'Myelocytic', 'acute Nonlymphocytic leukaemia', 'acute Nonlymphocytic leukemia', 'acute granulocytic leukaemia', 'acute granulocytic leukemia', 'acute myelocytic leukaemia', 'acute myelocytic leukemia', 'acute myelogenous leukemias', 'acute myeloid leukemia', 'acute myeloid leukemia somatic', 'acute non lymphoblastic leukaemia', 'acute non lymphoblastic leukemia', 'hematopoeitic acute Myleogenous leukaemia', 'hematopoeitic acute Myleogenous leukemia', 'leukemia acute myelogenous', 'leukemia acute myeloid', 'leukemia acute myeloid autosomal dominant somatic mutation', 'leukemia acute myeloid reduced survival in somatic', 'leukemia acute myeloid somatic', 'leukemia acute myeloid susceptibility to', 'leukemia acute myeloid susceptibility to autosomal dominant somatic mutation', 'leukemia myelocytic acute', 'myeloid leukemia acute', 'myeloid leukemia acute M4/M4Eo subtype somatic']"
Adenoid cystic cancer,"['adenocystic carcinoma', 'adenoid cystic cancer', 'adenoid cystic carcinoma', 'cribriform carcinoma', 'cylindroid adenocarcinoma', 'cylindroma']"
Adrenal cancer,"['Carcinoma Of The Adrenal Gland', 'adrenal gland carcinoma', 'carcinoma of adrenal gland']"
Adrenocortical cancer,"['ACC', 'Adenoid Cystic Carcinoma', 'Adrenal Cortical Carcinoma', 'Carcinoma Of The Adrenal Cortex', 'adenocarcinoma adrenocortical malignant', 'adrenal cortex adenocarcinoma', 'adrenal cortex cancer', 'adrenal cortex carcinoma', 'adrenal cortical adenocarcinoma', 'adrenal cortical tumors', 'adrenal cortical tumours', 'adrenocortical cancer', 'adrenocortical carcinoma', 'cancer of the adrenal cortex', 'carcinoma adrenocortical malignant', 'carcinoma of adrenal cortex', 'cortical cell carcinoma', 'malignant adrenocortical tumor', 'malignant adrenocortical tumour', 'malignant neoplasm of adrenal cortex', 'malignant tumor of adrenal cortex', 'malignant tumour of adrenal cortex']"
Alveolar rhabdomyosarcoma,"['ARMS', 'Alveolar Childhood Rhabdomyosarcoma', 'RMS2', 'alveolar rhabdomyosarcoma', 'monomorphous round cell rhabdomyosarcoma', 'paediatric alveolar rhabdomyosarcoma', 'pediatric alveolar rhabdomyosarcoma', 'rhabdomyosarcoma 2', 'rhabdomyosarcoma 2 alveolar somatic mutation', 'rhabdomyosarcoma alveolar', 'rhabdomyosarcoma alveolar somatic mutation', 'rhabdomyosarcoma type 2']"
Anaplastic ependymoma,"['Anaplastic', 'Ependymoma', 'Undifferentiated Ependymoma', 'WHO grade III ependymal neoplasm', 'WHO grade III ependymal tumor', 'WHO grade III ependymal tumour', 'anaplastic ependymal neoplasm', 'anaplastic ependymal tumor', 'anaplastic ependymal tumour', 'anaplastic ependymoma', 'ependymal tumors', 'ependymal tumours', 'ependymoma anaplastic malignant', 'ependymoma malignant', 'high grade ependymoma', 'malignant ependymoma', 'undifferentiated ependymal neoplasm', 'undifferentiated ependymal tumor', 'undifferentiated ependymal tumour']"
Angiosarcoma,"['Hemangiosarcoma', 'angiosarcoma', 'blood vessel sarcoma', 'hemangiosarcoma malignant', 'malignant angioendothelioma', 'malignant hemangioendothelioma', 'sarcoma of blood vessel', 'vascular sarcoma']"
Astrocytoma,"['Astrocytic Tumor', 'Astrocytoma Of Brain', 'Astrocytoma Of Cerebrum', 'Astroglioma', 'Cerebral Astrocytoma', 'astrocytic neoplasm', 'astrocytoma', 'astrocytoma no ICD O subtype']"
Basal cell cancer,"['BCC', 'Basal Cell Cancer', 'Basal Cell Carcinoma Of Skin', 'Basal Cell Neoplasm', 'Basal Cell Tumor', 'Epithelioma Basal Cell', 'Malignant Basal Cell Neoplasm', 'Malignant Basal Cell Tumor', 'Rodent Ulcer', 'basal cell carcinoma', 'basal cell carcinoma of the skin', 'basal cell epithelioma', 'basal cell skin carcinoma', 'basal cell tumour', 'malignant basal cell tumour', 'skin basal cell cancer', 'skin basal cell carcinoma']"
Biliary tract cancer,"['Malignant Tumour Of Biliary Tract', 'biliary tree cancer', 'cancer of biliary tree', 'malignant biliary tree neoplasm', 'malignant neoplasm of biliary tree', 'malignant tumor of biliary tract']"
Bladder cancer,"['Carcinoma Of Urinary Bladder', 'bladder cancer', 'bladder carcinoma', 'cancer of bladder', 'cancer of the bladder', 'cancer of the urinary bladder', 'cancer of urinary bladder', 'carcinoma bladder', 'carcinoma of bladder', 'carcinoma of the bladder', 'carcinoma of the urinary bladder', 'urinary bladder cancer', 'urinary bladder carcinoma']"
Bladder urothelial cancer,"['BLCA', 'Bladder Transitional Cell Carcinoma', 'Transitional Cell Carcinoma Of Bladder', 'Urinary Bladder Urothelial Carcinoma', 'Urothelial Bladder Carcinoma', 'bladder urothelial cancer', 'bladder urothelial carcinoma', 'transitional cell carcinoma of the urinary bladder', 'urinary bladder transitional cell carcinoma', 'urothelial carcinoma of the urinary bladder']"
Bone cancer,"['Bone cancer', 'Cancer Of Bone']"
Breast cancer,"['Breast Tumor', 'Malignant Neoplasm Of Breast', 'Malignant Tumor Of The Breast', 'Mammary Cancer', 'Mammary Tumor', 'Primary Breast Cancer', 'breast cancer', 'breast tumour', 'cancer of breast', 'malignant breast neoplasm', 'malignant breast tumor', 'malignant breast tumour', 'malignant neoplasm of the breast', 'malignant tumor of breast', 'malignant tumour of breast', 'malignant tumour of the breast', 'mammary neoplasm', 'mammary tumour']"
Cervix cancer,"['Cancer Of Cervix', 'Carcinoma Cervix Uteri', 'Carcinoma Of Cervix', 'Carcinoma Of The Cervix Uteri', 'cancer of the cervix', 'cancer of the uterine cervix', 'cancer of uterine cervix', 'carcinoma of cervix uteri', 'carcinoma of the cervix', 'carcinoma of the uterine cervix', 'carcinoma of uterine cervix', 'cervical cancer', 'cervical cancer NOS', 'cervical carcinoma', 'cervix cancer', 'cervix carcinoma', 'cervix uteri carcinoma', 'uterine cervix cancer', 'uterine cervix carcinoma']"
Cholangiocarcinoma,"['Cholangiolocellular cancer', 'CLC', 'cholangiocarcinoma of intralobular bile duct', 'cholangiolocellular carcinoma', 'intralobular bile duct cholangiocarcinoma']"
Chondrosarcoma,"['Cartilaginous Cancer', 'Chondrosarcoma Of Bone', 'Primary Chondrosarcoma Of The Bone', 'chondrosarcoma', 'chondrosarcoma malignant', 'chondrosarcoma somatic mutation']"
Chordoma,"['CHDM', 'Notochordoma', 'chordoma', 'chordoma malignant', 'chordoma susceptibility to', 'notochordal sarcoma', 'susceptibility to chordoma']"
Clear cell sarcoma,"['Adult Soft Part Clear Cell Sarcoma', 'Clear Cell Sarcoma Of Soft Parts', 'Malignant', 'Malignant Melanoma Of Soft Tissues', 'Melanoma', 'Of Soft Parts', 'chordoid sarcoma', 'clear cell sarcoma', 'clear cell sarcoma not kidney', 'clear cell sarcoma of soft tissue', 'clear cell sarcoma/malignant melanoma of soft parts', 'malignant melanoma of soft parts', 'malignant melanoma of the soft parts', 'melanoma malignant of soft parts']"
Colon cancer,"['cancer of colon', 'colon cancer', 'colon neoplasm malignant', 'colon tumor malignant', 'malignant colon neoplasm', 'malignant colon tumor', 'malignant colon tumour', 'malignant colonic neoplasm', 'malignant colonic tumor', 'malignant colonic tumour', 'malignant neoplasm of colon', 'malignant neoplasm of the colon', 'malignant tumor of colon', 'malignant tumor of the colon', 'malignant tumour of colon', 'malignant tumour of the colon', 'CRC', 'cancer of colorectum', 'cancer of large bowel', 'cancer of large intestine', 'cancer of the large bowel', 'colon cancer', 'colon cancer advanced somatic', 'colon cancer somatic', 'colon cancer susceptibility to autosomal dominant somatic mutation', 'colorectal cancer', 'colorectal cancer autosomal dominant somatic mutation', 'colorectal cancer somatic', 'colorectal cancer susceptibility to autosomal dominant somatic mutation', 'colorectal cancer with chromosomal instability somatic', 'colorectum cancer', 'large intestine cancer', 'malignant colorectal neoplasm', 'malignant colorectal tumor', 'malignant colorectal tumour', 'malignant colorectum neoplasm', 'malignant large bowel neoplasm', 'malignant large bowel tumor', 'malignant large bowel tumour', 'malignant large intestine neoplasm', 'malignant large intestine tumor', 'malignant large intestine tumour', 'malignant neoplasm of colorectum', 'malignant neoplasm of large bowel', 'malignant neoplasm of large intestine', 'malignant neoplasm of the large bowel', 'malignant neoplasm of the large intestine', 'malignant tumor of large bowel', 'malignant tumor of large intestine', 'malignant tumor of the large bowel', 'malignant tumor of the large intestine', 'malignant tumour of large bowel', 'malignant tumour of large intestine', 'malignant tumour of the large bowel', 'malignant tumour of the large intestine']"
Desmoid cancer,"['Desmoid tumor', 'FIF', 'aggressive fibromatosis', 'deep fibromatosis', 'deep fibromatosis/desmoid tumor', 'deep fibromatosis/desmoid tumour', 'desmoid disease hereditary', 'desmoid disorder hereditary', 'desmoid fibromatosis', 'desmoid tumor', 'desmoid type fibromatosis', 'desmoid/aggressive fibromatosis', 'familial infiltrative fibromatosis', 'fibromatosis familial infiltrative']"
Endometrial adenocarcinoma,"['Adenocarcinoma Of Endometrium', 'Adenocarcinoma Of The Endometrium', 'Adenocarcinoma Of Uterus', 'Endometrial Adenoacanthoma', 'Endometrial Endometrioid Adenocarcinoma', 'Endometrial Endometrioid Adenocarcinoma With Squamous Differentiation', 'Endometrioid Adenoma Or Carcinoma', 'Endometrioid Adenomas And Carcinomas', 'Endometrioid Carcinoma Of Endometrium', 'adenocarcinoma endometrial malignant', 'endometrial adenocarcinoma', 'endometrioid adenoma or carcinoma NOS', 'endometrium adenocarcinoma']"
Endometrial cancer,"['Endometrial Ca', 'Endometrial Neoplasm', 'Malignant Endometrial Neoplasm', 'Malignant Neoplasm Of Endometrium', 'Neoplasm Of Endometrium', 'Primary Malignant Neoplasm Of Endometrium', 'Tumor Of Endometrium', 'cancer of endometrium', 'endometrial cancer', 'endometrial cancer familial autosomal dominant somatic mutation', 'endometrial cancer susceptibility to autosomal dominant somatic mutation', 'endometrial carcinoma somatic', 'endometrium cancer', 'malignant endometrium neoplasm', 'tumour of endometrium']"
Endometrial hyperplasia,
Epithelioid sarcoma,"['ES', 'Epithelioid Cell Sarcoma', 'epithelioid sarcoma']"
Esophageal cancer,"['Aerodigestive tract cancer susceptibility to', 'Ca Lower Third Oesophagus', 'Ca Middle Third Oesophagus', 'Ca lower third esophagus', 'Ca middle third esophagus', 'Escc susceptibility to', 'Esophagus Cancer', 'Malignant Neoplasm Of Distal Third Of Esophagus', 'Malignant Neoplasm Of Lower Third Of Oesophagus', 'Malignant Neoplasm Of Middle Third Of Oesophagus', 'Malignant Neoplasm Of Proximal Third Of Esophagus', 'Malignant Neoplasm Of Upper Third Esophagus', 'Malignant Tumor Of Abdominal Esophagus', 'Malignant Tumor Of Distal Third Of Esophagus', 'Malignant Tumor Of Proximal Third Of Esophagus', 'Malignant Tumor Of The Middle Third Of The Esophagus', 'cancer of esophagus', 'cancer of oesophagus', 'esophageal cancer', 'esophageal cancer somatic', 'esophageal carcinoma somatic', 'esophageal squamous cell carcinoma somatic', 'esophageal squamous cell carcinoma susceptibility to', 'gastric cardia adenocarcinoma susceptibility to', 'malignant esophageal neoplasm', 'malignant esophageal tumor', 'malignant esophageal tumour', 'malignant esophagus neoplasm', 'malignant esophagus tumor', 'malignant neoplasm of distal third of oesophagus', 'malignant neoplasm of esophagus', 'malignant neoplasm of lower third of esophagus', 'malignant neoplasm of middle third of esophagus', 'malignant neoplasm of oesophagus', 'malignant neoplasm of proximal third of oesophagus', 'malignant neoplasm of the esophagus', 'malignant neoplasm of the oesophagus', 'malignant neoplasm of upper third oesophagus', 'malignant oesophagus neoplasm', 'malignant oesophagus tumour', 'malignant tumor of esophagus', 'malignant tumor of the esophagus', 'malignant tumour of abdominal oesophagus', 'malignant tumour of distal third of oesophagus', 'malignant tumour of oesophagus', 'malignant tumour of proximal third of oesophagus', 'malignant tumour of the middle third of the oesophagus', 'malignant tumour of the oesophagus', 'oesophagus cancer']"
Ewing sarcoma,"['ES', 'Ewing sarcoma', 'Ewing tumor', 'Ewing tumour', ""Ewing's Family Localized Tumor"", ""Ewing's Sarcoma/peripheral Primitive Neuroectodermal Tumor"", ""Ewing's Tumor"", ""Ewing's family localised tumour"", ""Ewing's sarcoma"", ""Ewing's sarcoma/peripheral primitive neuroectodermal tumour"", ""Ewing's tumour"", 'Ewings Sarcoma', 'Ewings Sarcoma primitive Neuroectodermal Tumor', 'Ewings sarcoma primitive neuroectodermal tumour', 'Localized Ewing Sarcoma', ""Localized Ewing's Sarcoma"", ""Localized Ewing's Sarcoma/peripheral Primitive Neuroectodermal Tumor"", ""Localized Ewing's Tumor"", 'Localized Peripheral Primitive Neuroectodermal Tumor', 'PNET Of Thoracopulmonary Region', 'Peripheral Primitive Neuroectodermal Tumor', 'localised Ewing sarcoma', ""localised Ewing's sarcoma"", ""localised Ewing's sarcoma/peripheral primitive neuroectodermal tumour"", ""localised Ewing's tumour"", 'localised peripheral primitive neuroectodermal tumour', 'neuroepithelioma', 'neuroepithelioma peripheral', 'peripheral primitive neuroectodermal tumour', ""sarcoma Ewing's""]"
Extraskeletal myxoid chondrosarcoma,['Myxoid Extraosseous Chondrosarcoma']
Gallbladder cancer,"['Gall bladder carcinoma', 'cancer of gallbladder', 'cancer of the gallbladder', 'carcinoma gallbladder', 'carcinoma of gall bladder', 'carcinoma of gallbladder', 'carcinoma of the gallbladder', 'gallbladder cancer', 'gallbladder carcinoma']"
Ganglioglioma,"['Adult Ganglioglioma', 'CNS Ganglioglioma', 'Childhood Ganglioglioma', 'ganglioglioma', 'mixed cell tumors containing both neural ganglionic cells and neural glial cell components', 'mixed cell tumours containing both neural ganglionic cells and neural glial cell components']"
Ganglioneuroblastoma,"['ganglioneuroblastoma', 'ganglioneuroblastoma malignant']"
Gastric cancer,"['Gastric tumor', 'Adenocarcinoma Of Stomach', 'STAD', 'Stomach Adenocarcinoma', 'adenocarcinoma of the stomach', 'adenocarcinoma stomach', 'gastric adenocarcinoma']"
Gastrointestinal cancer,"['carcinoma of digestive system', 'carcinoma of the gastrointestinal system', 'digestive system carcinoma', 'gastrointestinal carcinoma', 'gastrointestinal system carcinoma']"
Glioblastoma,"['Adult Glioblastoma Multiforme', 'GBM', 'Glioblastoma Multiforme', 'Grade IV Adult Astrocytic Tumor', 'Primary Glioblastoma Multiforme', 'Spongioblastoma Multiforme', 'WHO grade IV glioma', 'giant cell glioblastoma', 'glioblastoma', 'gliosarcoma', 'grade IV adult astrocytic tumour', 'grade IV astrocytic neoplasm', 'grade IV astrocytic tumor', 'grade IV astrocytic tumour', 'grade IV astrocytoma']"
Glioma,"['Lower Grade Glioma', 'brain malignant glioma', 'malignant glioma of brain']"
Granulosa cell cancer,"['Granulosa cell tumor', 'Adult Type', 'GRCT', 'Granulosa Cell Neoplasm', 'Granulosa Cell Tumor', 'Granulosa Cell Tumour', 'Malignant Granulosa Cell Neoplasm', 'Sarcomatoid', 'granulosa cell tumor adult type', 'granulosa cell tumor sarcomatoid', 'granulosa cell tumor undetermined', 'neoplasm of granulosa cell', 'tumor of granulosa cell', 'tumour of granulosa cell']"
Head and neck cancer,"['Head And Neck Neoplasm', 'Head And Neck Tumours', 'Head/neck Neoplasm', 'Tumor Of Head And Neck', 'cancer of craniocervical region', 'cancer of head and neck', 'cancer of the head and neck', 'craniocervical region cancer', 'head and neck cancer', 'head and neck malignant neoplasia', 'head and neck tumors', 'malignant craniocervical region neoplasm', 'malignant head and neck neoplasm', 'malignant head and neck tumor', 'malignant head and neck tumour', 'malignant neoplasm of craniocervical region', 'malignant neoplasm of head and neck', 'malignant neoplasm of the head and neck', 'malignant tumor of head and neck', 'malignant tumor of the head and neck', 'malignant tumour of head and neck', 'malignant tumour of the head and neck', 'tumour of head and neck']"
Hemangiopericytoma,"['Haemangiopericytic Meningioma', 'Hemangiopericytoma', 'Malignant', 'Malignant Hemangiopericytoma', 'haemangiopericytic meningioma [obs]', 'hemangiopericytoma malignant']"
Hematologic cancer,"['Blood Cancer', 'Hematologic Malignancy', 'Hematologic Neoplasm', 'Hematological Tumors', 'Hematopoietic And Lymphoid System Tumor', 'Hematopoietic Cancer', 'Hematopoietic Neoplasm', 'Hematopoietic Tumors', 'Malignant Hematopoietic Neoplasm', 'blood neoplasm', 'blood tumor', 'blood tumour', 'haematological tumours', 'haematopoietic and lymphoid system tumour', 'haematopoietic cancer', 'haematopoietic neoplasm', 'haematopoietic system neoplasm', 'haematopoietic system tumour', 'haematopoietic tumours', 'hematologic cancer', 'hematopoietic and lymphoid system neoplasm', 'hematopoietic system neoplasm', 'hematopoietic system tumor', 'malignant haematopoietic neoplasm', 'neoplasm of blood', 'neoplasm of haematopoietic system', 'neoplasm of hematopoietic system', 'tumor of blood', 'tumor of hematopoietic system', 'tumour of blood', 'tumour of haematopoietic system']"
Hepatoblastoma,"['HBL', 'hepatoblastoma', 'hepatoblastoma malignant', 'paediatric embryonal hepatoma', 'paediatric hepatoblastoma', 'pediatric embryonal hepatoma', 'pediatric hepatoblastoma']"
Histiocytoma,['histiocytoma']
Inflammatory myofibroblastic cancer,"['Inflammatory Myofibroblastic Tumor', 'IMT', 'inflammatory fibrosarcoma', 'inflammatory myofibroblastic neoplasm', 'inflammatory myofibroblastic tumor', 'inflammatory pseudotumor']"
Intrahepatic cholangiocarcinoma,"['Adult Primary Cholangiocarcinoma', 'Adult Primary Cholangiocellular Carcinoma', 'CC', 'CCA', 'Cholangiocar. intra/extrahepatic', 'Cholangiocellular carcinoma', 'Cholangiosarcoma', 'bile duct cancer', 'cholangiocarcinoma', 'cholangiocarcinoma intrahepatic and extrahepatic bile ducts', 'cholangiocarcinoma malignant', 'intrahepatic bile duct cancer']"
Kidney cancer,"['Malignant Neoplasm Of Kidney Except Pelvis', 'Malignant Tumour Of Kidney', 'Renal Cancer', 'cancer of kidney', 'kidney cancer', 'malignant kidney neoplasm', 'malignant kidney tumor', 'malignant kidney tumour', 'malignant neoplasm of kidney', 'malignant neoplasm of the kidney', 'malignant renal neoplasm', 'malignant renal tumor', 'malignant renal tumour', 'malignant tumor of kidney', 'malignant tumor of the kidney', 'malignant tumour of the kidney']"
Laryngeal cancer,"['Cancer Of Larynx', 'Carcinoma Of Larynx', 'cancer of the larynx', 'carcinoma of the larynx', 'laryngeal cancer', 'laryngeal carcinoma', 'laryngeal throat cancer', 'larynx carcinoma']"
Leukemia,"['blood', 'leukaemia', 'leukaemia NOS', 'leukemia', 'leukemia disease', 'leukemia malignant', 'leukemias', 'leukemias general']"
Liposarcoma,"['Lipomatous Cancer', 'lip sarcoma', 'liposarcoma', 'liposarcoma malignant', 'sarcoma of lip']"
Liver cancer,"['Ca Liver Primary', 'Hepatic Cancer', 'Hepatic Neoplasm', 'Malignant Hepato biliary Neoplasm', 'Malignant Neoplasm Of Liver', 'Malignant Tumor Of Liver', 'Neoplasm Of Liver', 'Non resectable Primary Hepatic Malignant Neoplasm', 'Not Specified As Primary Or Secondary', 'Primary', 'Primary Liver Cancer', 'Primary Malignant Neoplasm Of Liver', 'Resectable Malignant Neoplasm Of Liver', 'Resectable Malignant Neoplasm Of The Liver', 'cancer of liver', 'liver cancer', 'malignant liver neoplasm', 'malignant neoplasm of liver not specified as primary or secondary', 'malignant neoplasm of liver primary', 'malignant tumour of liver', 'primary cancer of liver', 'primary malignant liver neoplasm', 'primary tumor of the liver', 'primary tumour of the liver']"
Lung cancer,"['Nonsmall cell lung cancer', 'adenocarcinoma of lung response to tyrosine kinase inhibitor in autosomal dominant somatic mutation', 'adenocarcinoma of lung somatic', 'alveolar cell carcinoma', 'cancer of lung', 'lung cancer', 'lung cancer protection against', 'lung cancer protection against autosomal dominant somatic mutation', 'lung cancer resistance to autosomal dominant somatic mutation', 'lung cancer somatic', 'lung cancer susceptibility to autosomal dominant somatic mutation', 'lung neoplasm', 'malignant lung neoplasm', 'malignant lung tumor', 'malignant lung tumour', 'malignant neoplasm of lung', 'malignant neoplasm of the lung', 'malignant tumor of lung', 'malignant tumor of the lung', 'malignant tumour of lung', 'malignant tumour of the lung', 'nonsmall cell lung cancer response to tyrosine kinase inhibitor in autosomal dominant somatic mutation', 'nonsmall cell lung cancer somatic', 'nonsmall cell lung cancer susceptibility to autosomal dominant somatic mutation','NSCLC', 'NSCLC non small cell lung cancer', 'Non small Cell Lung Cancer', 'Non small Cell Lung Carcinoma', 'non small cell cancer of lung', 'non small cell cancer of the lung', 'non small cell carcinoma of lung', 'non small cell carcinoma of the lung']"
Lymphoblastic leukemia,"['ALL', 'ALL acute lymphocytic leukaemia', 'ALL acute lymphocytic leukemia', 'Acute Lymphoblastic Leukaemia', 'Acute Lymphocytic Leukaemia', 'Precursor Lymphoblastic Lymphoma/leukemia', 'acute lymphoblastic leukemia', 'acute lymphoblastic leukemia/lymphoma', 'acute lymphocytic leukemia', 'acute lymphocytic leukemias', 'acute lymphogenous leukaemia', 'acute lymphogenous leukemia', 'acute lymphoid leukaemia', 'acute lymphoid leukemia', 'leukemia lymphoblastic malignant', 'lymphoblastic leukaemia', 'lymphoblastic leukemia', 'lymphoblastic leukemia acute', 'precursor Lymphoblasic leukaemia', 'precursor Lymphoblasic leukemia', 'precursor cell lymphoblastic leukaemia', 'precursor cell lymphoblastic leukemia', 'precursor lymphoblastic leukaemia', 'precursor lymphoblastic leukemia']"
Lymphoma,"['Lymphoid Cancer', 'MLYM', 'lymphoma', 'lymphoma malignant', 'lymphomatous', 'malignant lymphoma']"
Medulloblastoma,"['Brain Medulloblastoma', 'CNS PNET', 'CPNET', 'Histologically Defined', 'Infratentorial Primitive Neuroectodermal Tumor', 'Localized Primitive Neuroectodermal Tumor', 'MDB', 'Medulloblastoma', 'cerebellar medulloblastoma', 'cerebellum embryonal neoplasm', 'infratentorial primitive neuroectodermal tumour', 'localised primitive neuroectodermal tumour', 'medulloblastoma autosomal recessive autosomal dominant somatic mutation', 'medulloblastoma desmoplastic', 'medulloblastoma desmoplastic autosomal recessive autosomal dominant somatic mutation', 'medulloblastoma malignant', 'medulloblastoma somatic', 'medulloblastoma with extensive nodularity', 'medulloblastomas']"
Melanoma,"['Malignant Melanoma', 'Naevocarcinoma', 'melanoma', 'melanoma malignant']"
Meningioma,"['Meningeal Neoplasm', 'Meningothelial Cell Tumor', 'Neoplasm Of The Meninges', 'Primary Meningeal Tumor', 'intracranial meningioma', 'meningioma', 'meningothelial cell tumour', 'primary meningeal tumour', 'supratentorial meningioma']"
Merkel cell cancer,"['Merkel cell carcinoma', 'Trabecular Adenocarcinoma', 'Trabecular Carcinoma', 'trabecula adenocarcinoma']"
Mesothelioma,"['Advanced Malignant Mesothelioma Of Peritoneum', 'Advanced Malignant Peritoneal Mesothelioma', 'Malignant Mesothelioma Of Peritoneum', 'advanced malignant mesothelioma of the peritoneum', 'advanced peritoneal malignant mesothelioma', 'diffuse malignant peritoneal mesothelioma', 'malignant peritoneal mesothelioma advanced', 'peritoneal mesothelioma', 'peritoneal mesothelioma malignant', 'peritoneum malignant mesothelioma', 'primary malignant peritoneal mesothelioma']"
Mucinous cancer,"['Mucinous adenocarcinom', 'CEMU', 'Mucin Secreting Adenocarcinoma', 'Mucin Secreting Carcinoma', 'Mucin producing Adenocarcinoma', 'Mucous Carcinoma', 'Pseudomyxoma Peritonei With Unknown Primary Site', 'adenocarcinoma mucinous malignant', 'colloid adenocarcinoma', 'colloid carcinoma', 'gelatinous adenocarcinoma', 'gelatinous carcinoma', 'mucinous adenocarcinoma', 'mucinous carcinoma', 'mucinuos carcinoma', 'mucoid adenocarcinoma', 'mucoid carcinoma', 'mucous adenocarcinoma']"
Mucosal melanoma,['mucosal melanoma']
Myeloid cancer,"['myeloid neoplasm', 'myeloid malignancy', 'myeloid neoplasm', 'myeloid tumor', 'myeloid tumour']"
Myeloproliferative neoplasm,"['CMPD', 'CMPD U', 'Chronic Myeloproliferative Disease', 'MPD', 'MPN', 'chronic myeloproliferative disorder', 'chronic myeloproliferative disorders', 'chronic myeloproliferative neoplasm', 'myeloproliferative disorder', 'myeloproliferative neoplasm', 'myeloproliferative neoplasm chronic', 'myeloproliferative neoplasms', 'myeloproliferative tumor', 'myeloproliferative tumour']"
Myofibroma,"['Lipoleiomyoma', 'infantile hemangiopericytoma', 'myofibroma']"
Neuroblastoma,"['NB', 'neural Crest tumor malignant', 'neuroblastoma', 'neuroblastoma malignant']"
Neuroendocrine cancer,"['Neuroendocrine Tumor', 'APUDoma', 'Neuroendocrine Neoplasm', 'neuroendocrine tumor', 'neuroendocrine tumour']"
Neurofibroma,"['NFIB', 'neurofibroma', 'neurofibroma benign']"
Ocular melanoma,"['Eye Melanoma', 'Intraocular Melanoma', 'Melanoma Of Eye', 'OM', 'eyeball of camera type eye melanoma', 'melanoma of eyeball of camera type eye', 'melanoma of the eye', 'ocular melanoma']"
Oligodendroglioma,"['Oligodendroglial Neoplasm', 'Oligodendroglial Tumor', 'WHO grade II oligodendroglial neoplasm', 'WHO grade II oligodendroglial tumor', 'WHO grade II oligodendroglial tumour', 'oligodendroglial tumour', 'oligodendroglioma', 'well differentiated oligodendroglial tumor', 'well differentiated oligodendroglial tumour', 'well differentiated oligodendroglioma']"
Oral squamous cell cancer,"['Mouth Squamous Cell Carcinoma', 'OCSC', 'mouth scc', 'oral cavity scc', 'oral cavity squamous cell cancer', 'oral cavity squamous cell carcinoma', 'oral squamous cell carcinoma', 'scc of mouth', 'scc of oral cavity', 'scc of the mouth', 'scc of the oral cavity', 'squamous cell carcinoma of mouth', 'squamous cell carcinoma of oral cavity', 'squamous cell carcinoma of the mouth', 'squamous cell carcinoma of the oral cavity']"
Osteosarcoma,"['Bone Tissue Neoplasm', 'Osteogenic Sarcoma', 'Osteoid Sarcoma', 'Skeletal Sarcoma', 'osteosarcoma', 'osteosarcoma malignant', 'sarcoma of osteoid']"
Ovarian cancer,"['Malignant Ovarian Tumor', 'Malignant Tumour Of Ovary', 'Ovarian Neoplasm', 'Ovary Neoplasm', 'Primary Ovarian Cancer', 'Tumor Of The Ovary', 'cancer of ovary', 'cancer of the ovary', 'malignant neoplasm of ovary', 'malignant neoplasm of the ovary', 'malignant ovarian neoplasm', 'malignant ovarian tumour', 'malignant ovary neoplasm', 'malignant tumor of ovary', 'malignant tumor of the ovary', 'malignant tumour of the ovary', 'ovarian cancer', 'ovarian cancer epithelial', 'ovarian cancer somatic', 'ovarian malignant tumor', 'ovarian malignant tumour', 'ovary cancer', 'tumour of the ovary']"
Pancreatic cancer,"['Ca Body Of Pancreas', 'Ca Head Of Pancreas', 'Ca Tail Of Pancreas', 'Malignant Neoplasm Of Body Of Pancreas', 'Malignant Neoplasm Of Head Of Pancreas', 'Malignant Neoplasm Of Tail Of Pancreas', 'Pancreas Neoplasm', 'Pancreatic Neoplasm', 'Pancreatic Tumor', 'cancer of pancreas', 'malignant neoplasm of pancreas', 'malignant neoplasm of the pancreas', 'malignant pancreas neoplasm', 'malignant pancreatic neoplasm', 'pancreas cancer', 'pancreatic cancer', 'pancreatic tumour']"
Papillary cancer,"['Papillary adenocarcinoma','Infiltrating And Papillary Adenocarcinoma', 'Infiltrating Papillary Adenocarcinoma', 'adenocarcinoma papillary malignant', 'papillary adenocarcinoma', 'papillary adenocarcinoma NOS']"
Paraganglioma,"['Chemodectoma', 'Glomus Body Tumor', 'Paraganglionic neoplasm', 'Paraganglionic tumor', 'Paraganglionic tumour', 'neoplasm of paraganglion', 'neoplasm of the paraganglion', 'paraganglioma', 'paragangliomas', 'paraganglion neoplasm', 'paraganglion tumor', 'paraganglion tumour', 'tumor of paraganglion', 'tumor of the paraganglion', 'tumour of paraganglion', 'tumour of the paraganglion']"
Peritoneal cancer,"['carcinoma of peritoneum', 'peritoneum carcinoma', 'primary peritoneal carcinoma']"
Pleomorphic xanthoastrocytoma,"['PXA', 'Pleomorphic Xantho astrocytoma']"
Prostate cancer,"['Hereditary Prostate Cancer', 'Malignant Tumor Of The Prostate', 'NGP New Growth Of Prostate', 'Prostate Cancer', 'Prostate Neoplasm', 'Prostatic Cancer', 'Prostatic Neoplasm', 'Tumor Of The Prostate', 'cancer of prostate gland', 'malignant neoplasm of prostate', 'malignant neoplasm of prostate gland', 'malignant neoplasm of the prostate', 'malignant prostate gland neoplasm', 'malignant prostate neoplasm', 'malignant prostate tumor', 'malignant prostate tumour', 'malignant tumor of prostate', 'malignant tumour of prostate', 'malignant tumour of the prostate', 'prostate cancer familial', 'prostate gland cancer', 'tumour of the prostate']"
Pseudomyxoma peritonei,"['Adenomucinosis', 'Mucinous Ascites', 'Myxoma peritonei', 'PMP', 'gelatinous ascites', 'peritoneal cavity pseudomyxoma peritonei', 'pseudomyxoma peritonei', 'syndrome of pseudomyxoma peritonei', 'well differentiated peritoneal mucinous adenocarcinoma']"
Renal cancer,"['Carcinoma Of Kidney', 'Kidney Carcinoma', 'kidney cancer', 'renal cancer', 'renal carcinoma']"
Retinoblastoma,"['Neuroblastoma Of Retina', 'RB', 'RB Retinoblastoma', 'RB1', 'eye cancer retinoblastoma', 'retinoblastoma', 'retinoblastoma malignant']"
Rhabdoid cancer,"['Malignant Rhabdoid Tumour', 'Rhabdoid Sarcoma', 'malignant rhabdoid tumor', 'rhabdoid cancer', 'rhabdoid tumor']"
Rhabdomyosarcoma,"['rhabdomyosarcoma', 'rhabdomyosarcoma malignant']"
Salivary gland cancer,"['Malignant Neoplasm Of Salivary Gland', 'cancer of saliva secreting gland', 'cancer of salivary gland', 'cancer of the salivary gland', 'malignant neoplasm of major salivary gland', 'malignant neoplasm of saliva secreting gland', 'malignant neoplasm of salivary gland duct', 'malignant neoplasm of the salivary gland', 'malignant saliva secreting gland neoplasm', 'malignant salivary gland neoplasm', 'malignant salivary gland tumor', 'malignant salivary gland tumour', 'malignant tumor of salivary gland', 'malignant tumor of the salivary gland', 'malignant tumour of salivary gland', 'malignant tumour of the major salivary gland', 'malignant tumour of the salivary gland', 'saliva secreting gland cancer', 'salivary gland cancer']"
Sarcoma,"['Connective And Soft Tissue Neoplasm', 'Tumor Of Soft Tissue And Skeleton', 'mesenchymal tumor malignant', 'sarcoma', 'sarcoma malignant', 'sarcoma of soft tissue and bone', 'sarcoma of the soft tissue and bone', 'tumour of soft tissue and skeleton']"
Sinonasal undifferentiated cancer,"['SNUC', 'Sinonasal anaplastic carcinoma', 'highly aggressive undifferentiated carcinoma of the nasal cavity and paranasal sinuses', 'sinonasal undifferentiated carcinoma', 'undifferentiated Sinonasal cancer']"
Skin cancer,"['Skin Squamous Cell cancer', 'CSCC', 'Epidermoid Skin Carcinoma', 'cutaneous squamous cell carcinoma', 'epidermoid carcinoma of skin', 'epidermoid carcinoma of the skin', 'skin squamous cell cancer', 'skin squamous cell carcinoma', 'squamous cell carcinoma of skin', 'squamous cell carcinoma of the skin', 'squamous cell carcinoma skin', 'squamous cell skin carcinoma', 'zone of skin squamous cell carcinoma']"
Spitzoid melanoma,['Atypical Spitz Nevus']
Splenomegaly,0
Squamous cell cancer,"['Epidermoid Carcinoma', 'Malignant Squamous Cell Tumor', 'Squamous Carcinoma', 'Squamous Cell Cancer', 'Squamous Cell Epithelioma', 'carcinoma squamous cell malignant', 'epidermoid cell cancer', 'malignant epidermoid cell neoplasm', 'malignant epidermoid cell tumor', 'malignant epidermoid cell tumour', 'malignant squamous cell neoplasm', 'malignant squamous cell tumour', 'squamous cell carcinoma', 'squamous cell carcinoma NOS']"
Stomach cancer,"['Ca body stomach', 'Ca lesser curvature stomach', 'GC', 'Gastric Cancer', 'Gastric Neoplasm', 'ca greater curvature of stomach', 'cancer of stomach', 'gastric cancer intestinal', 'gastric cancer risk after h. pylori infection', 'gastric cancer somatic', 'malignant gastric neoplasm', 'malignant gastric tumor', 'malignant gastric tumour', 'malignant neoplasm of body of stomach', 'malignant neoplasm of lesser curve of stomach', 'malignant neoplasm of stomach', 'malignant neoplasm of the stomach', 'malignant stomach neoplasm', 'malignant tumor of body of stomach', 'malignant tumor of greater curve of stomach', 'malignant tumor of lesser curve of stomach', 'malignant tumor of stomach', 'malignant tumor of the stomach', 'malignant tumour of body of stomach', 'malignant tumour of greater curve of stomach', 'malignant tumour of lesser curve of stomach', 'malignant tumour of stomach', 'malignant tumour of the stomach', 'stomach cancer']"
Synovial sarcoma,"['SS', 'Synovialosarcoma', 'sarcoma synovial', 'sarcoma synovial malignant', 'synovial sarcoma']"
Tenosynovial giant cell cancer,"['Tenosynovial Giant Cell Tumor', 'Fibrous Histiocytoma Of Tendon Sheath', 'Giant Cell Tumor Of Tendon Sheath', 'Giant Cell Tumor Of Tenosynovium', 'Giant Cell Tumour Of Tendon Sheath', 'Giant Cell Tumour Of Tenosynovium', 'Tenosynovial Giant Cell Tumour', 'giant cell neoplasm of Tenosynovium', 'giant cell neoplasm of tendon sheath', 'giant cell neoplasm of the Tenosynovium', 'giant cell tumor of the Tenosynovium', 'giant cell tumour of the Tenosynovium', 'tendon sheath giant cell neoplasm', 'tendon sheath giant cell tumor', 'tendon sheath giant cell tumour', 'tenosynovial giant cell neoplasm', 'tenosynovial giant cell tumor']"
Thymic cancer,"['Malignant', 'Malignant Thymoma', 'THYC', 'Thymoma', 'carcinoma of thymus', 'thymic carcinoma', 'thymic carcinoma excluding well differentiated thymic carcinoma', 'thymoma malignant', 'thymoma type C', 'thymus carcinoma', 'type C thymoma']"
Thyroid cancer,"['Malignant Neoplasm Of Thyroid Gland', 'Malignant Tumour Of Thyroid Gland', 'Neoplasm Of Thyroid Gland', 'Thyroid Gland Cancer', 'Thyroid Gland Neoplasm', 'Thyroid Neoplasm', 'cancer of thyroid gland', 'malignant neoplasm of the thyroid', 'malignant neoplasm of the thyroid gland', 'malignant neoplasm of thyroid', 'malignant thyroid gland neoplasm', 'malignant thyroid gland tumor', 'malignant thyroid gland tumour', 'malignant thyroid neoplasm', 'malignant thyroid tumor', 'malignant thyroid tumour', 'malignant tumor of the thyroid', 'malignant tumor of the thyroid gland', 'malignant tumor of thyroid', 'malignant tumor of thyroid gland', 'malignant tumour of the thyroid', 'malignant tumour of the thyroid gland', 'malignant tumour of thyroid']"
Transitional cell cancer,"['Transitional Carcinoma', 'Transitional Cell Tumor', 'Urothelial Cell Carcinoma', 'carcinoma of transitional epithelial cell', 'carcinoma of urothelial cell', 'carcinoma urothelial malignant', 'transitional cell carcinoma', 'transitional cell neoplasm', 'transitional cell tumour', 'transitional epithelial cell carcinoma']"
Urothelial cancer,0
Uterine cancer,"['CA Cancer Of Uterus', 'Malignant Neoplasm Of Uterus', 'Malignant Uterine Tumor', 'Neoplasm Of Uterus', 'Tumour Of Uterus', 'Uterine Tumor', 'Uterus Neoplasm', 'cancer of the uterus', 'cancer of uterus', 'malignant neoplasm of the uterus', 'malignant tumor of the uterus', 'malignant tumor of uterus', 'malignant tumour of the uterus', 'malignant tumour of uterus', 'malignant uterine neoplasm', 'malignant uterine tumour', 'malignant uterus neoplasm', 'tumor of uterus', 'uterine cancer', 'uterine tumour', 'uterus cancer']"
Uterine corpus endometrial cancer,"['body of uterus endometrial carcinoma', 'endometrial carcinoma of body of uterus']"
Uveal melanoma,"['Melanoma Of Uvea', 'choroidal melanoma', 'intraocular melanoma', 'iris melanoma', 'melanoma of the uvea', 'melanoma uveal malignant', 'uvea melanoma', 'uveal melanoma']"